id,category_en,category_es,question_en,answer_en,question_es,answer_es,question_bilingual,answer_bilingual,tags,source_url
qa_001,store,tienda,What is Naguabo Commercial?,"Naguabo Commercial is a hardware store in Naguabo, Puerto Rico, offering products for building, fixing, paint, plumbing, electrical, garden, lighting, hardware, and roof sealing.",¿Qué es Naguabo Commercial?,"Naguabo Commercial es una ferretería en Naguabo, Puerto Rico, que ofrece productos para construcción, reparación, pintura, plomería, electricidad, jardín, iluminación, ferretería y sellado de techos.","EN: What is Naguabo Commercial?
ES: ¿Qué es Naguabo Commercial?","EN: Naguabo Commercial is a hardware store in Naguabo, Puerto Rico, offering products for building, fixing, paint, plumbing, electrical, garden, lighting, hardware, and roof sealing.
ES: Naguabo Commercial es una ferretería en Naguabo, Puerto Rico, que ofrece productos para construcción, reparación, pintura, plomería, electricidad, jardín, iluminación, ferretería y sellado de techos.","about,hardware store",https://ncommercial.vercel.app/
qa_002,store,tienda,Where is Naguabo Commercial located?,"Naguabo Commercial is located at 20 Calle Venecia Naguabo, Puerto Rico, 00718.",¿Dónde está ubicado Naguabo Commercial?,"Naguabo Commercial está ubicado en 20 Calle Venecia, Naguabo, Puerto Rico, 00718.","EN: Where is Naguabo Commercial located?
ES: ¿Dónde está ubicado Naguabo Commercial?","EN: Naguabo Commercial is located at 20 Calle Venecia Naguabo, Puerto Rico, 00718.
ES: Naguabo Commercial está ubicado en 20 Calle Venecia, Naguabo, Puerto Rico, 00718.","address,location",https://ncommercial.vercel.app/
qa_003,store,tienda,What is the phone number for Naguabo Commercial?,The phone number is (787)874-2120.,¿Cuál es el número de teléfono de Naguabo Commercial?,El número de teléfono es (787)874-2120.,"EN: What is the phone number for Naguabo Commercial?
ES: ¿Cuál es el número de teléfono de Naguabo Commercial?","EN: The phone number is (787)874-2120.
ES: El número de teléfono es (787)874-2120.","phone,contact",https://ncommercial.vercel.app/
qa_004,store,tienda,What is the email for Naguabo Commercial?,The contact email is info@naguabo-commercial.com.,¿Cuál es el email de Naguabo Commercial?,El email de contacto es info@naguabo-commercial.com.,"EN: What is the email for Naguabo Commercial?
ES: ¿Cuál es el email de Naguabo Commercial?","EN: The contact email is info@naguabo-commercial.com.
ES: El email de contacto es info@naguabo-commercial.com.","email,contact",https://ncommercial.vercel.app/
qa_005,store,tienda,Is Naguabo Commercial online store open 24/7?,Yes. The website lists Naguabo Commercial as Open 24/7 Online.,¿La tienda online de Naguabo Commercial está abierta 24/7?,Sí. El sitio web indica que Naguabo Commercial está abierto online 24/7.,"EN: Is Naguabo Commercial online store open 24/7?
ES: ¿La tienda online de Naguabo Commercial está abierta 24/7?","EN: Yes. The website lists Naguabo Commercial as Open 24/7 Online.
ES: Sí. El sitio web indica que Naguabo Commercial está abierto online 24/7.","hours,online",https://ncommercial.vercel.app/
qa_006,store,tienda,Does Naguabo Commercial offer free pickup?,"Yes. The site lists free pickup, and product pages state pickup is available in about 1 hour at the Naguabo store for listed products.",¿Naguabo Commercial ofrece recogido gratis?,"Sí. El sitio menciona recogido gratis, y las páginas de producto indican que el recogido está disponible en aproximadamente 1 hora en la tienda de Naguabo para los productos listados.","EN: Does Naguabo Commercial offer free pickup?
ES: ¿Naguabo Commercial ofrece recogido gratis?","EN: Yes. The site lists free pickup, and product pages state pickup is available in about 1 hour at the Naguabo store for listed products.
ES: Sí. El sitio menciona recogido gratis, y las páginas de producto indican que el recogido está disponible en aproximadamente 1 hora en la tienda de Naguabo para los productos listados.",pickup,https://ncommercial.vercel.app/
qa_007,store,tienda,How fast is pickup at the Naguabo store?,The site states in-store pickup is ready in about 1 hour for listed products.,¿Qué tan rápido es el recogido en la tienda de Naguabo?,El sitio indica que el recogido en tienda está listo en aproximadamente 1 hora para los productos listados.,"EN: How fast is pickup at the Naguabo store?
ES: ¿Qué tan rápido es el recogido en la tienda de Naguabo?","EN: The site states in-store pickup is ready in about 1 hour for listed products.
ES: El sitio indica que el recogido en tienda está listo en aproximadamente 1 hora para los productos listados.","pickup,time",https://ncommercial.vercel.app/
qa_008,store,tienda,Does Naguabo Commercial deliver across Puerto Rico?,Yes. The homepage states fast delivery across Puerto Rico.,¿Naguabo Commercial entrega en todo Puerto Rico?,Sí. La página principal indica entrega rápida en todo Puerto Rico.,"EN: Does Naguabo Commercial deliver across Puerto Rico?
ES: ¿Naguabo Commercial entrega en todo Puerto Rico?","EN: Yes. The homepage states fast delivery across Puerto Rico.
ES: Sí. La página principal indica entrega rápida en todo Puerto Rico.","delivery,Puerto Rico",https://ncommercial.vercel.app/
qa_009,store,tienda,Is checkout secure?,Yes. The site states secure checkout powered by Stripe.,¿El checkout es seguro?,Sí. El sitio indica checkout seguro impulsado por Stripe.,"EN: Is checkout secure?
ES: ¿El checkout es seguro?","EN: Yes. The site states secure checkout powered by Stripe.
ES: Sí. El sitio indica checkout seguro impulsado por Stripe.","checkout,Stripe",https://ncommercial.vercel.app/
qa_010,store,tienda,What happens if an item is out of stock?,"If an item is out of stock, the site says to allow 24 to 48 hours for delivery or pickup.",¿Qué pasa si un artículo está fuera de inventario?,"Si un artículo está fuera de inventario, el sitio indica permitir de 24 a 48 horas para entrega o recogido.","EN: What happens if an item is out of stock?
ES: ¿Qué pasa si un artículo está fuera de inventario?","EN: If an item is out of stock, the site says to allow 24 to 48 hours for delivery or pickup.
ES: Si un artículo está fuera de inventario, el sitio indica permitir de 24 a 48 horas para entrega o recogido.","stock,out of stock",https://ncommercial.vercel.app/
qa_011,store,tienda,Can customers ask questions by WhatsApp?,"Yes. Product pages include an “Ask on WhatsApp” option, and the homepage also offers WhatsApp subscription for deals.",¿Los clientes pueden hacer preguntas por WhatsApp?,"Sí. Las páginas de producto incluyen una opción de “Ask on WhatsApp”, y la página principal también ofrece suscripción por WhatsApp para ofertas.","EN: Can customers ask questions by WhatsApp?
ES: ¿Los clientes pueden hacer preguntas por WhatsApp?","EN: Yes. Product pages include an “Ask on WhatsApp” option, and the homepage also offers WhatsApp subscription for deals.
ES: Sí. Las páginas de producto incluyen una opción de “Ask on WhatsApp”, y la página principal también ofrece suscripción por WhatsApp para ofertas.","WhatsApp,customer service",https://ncommercial.vercel.app/
qa_012,store,tienda,Can customers subscribe to deals?,"Yes. The website invites customers to subscribe via WhatsApp for weekly offers, new arrivals, and pro tips.",¿Los clientes pueden suscribirse a ofertas?,"Sí. El sitio invita a los clientes a suscribirse por WhatsApp para ofertas semanales, productos nuevos y consejos profesionales.","EN: Can customers subscribe to deals?
ES: ¿Los clientes pueden suscribirse a ofertas?","EN: Yes. The website invites customers to subscribe via WhatsApp for weekly offers, new arrivals, and pro tips.
ES: Sí. El sitio invita a los clientes a suscribirse por WhatsApp para ofertas semanales, productos nuevos y consejos profesionales.","deals,WhatsApp",https://ncommercial.vercel.app/
qa_013,store,tienda,What departments are available?,"Departments shown include Tools, Building Materials, Plumbing, Electrical, Paint, Garden, Hardware, Lighting, and Roof Sealing.",¿Qué departamentos están disponibles?,"Los departamentos mostrados incluyen Herramientas, Materiales de construcción, Plomería, Eléctrico, Pintura, Jardín, Ferretería, Iluminación y Sellado de techos.","EN: What departments are available?
ES: ¿Qué departamentos están disponibles?","EN: Departments shown include Tools, Building Materials, Plumbing, Electrical, Paint, Garden, Hardware, Lighting, and Roof Sealing.
ES: Los departamentos mostrados incluyen Herramientas, Materiales de construcción, Plomería, Eléctrico, Pintura, Jardín, Ferretería, Iluminación y Sellado de techos.","departments,categories",https://ncommercial.vercel.app/
qa_014,store,tienda,What slogan does the site use?,The homepage headline says “Build It. Fix It. Get It Done.”,¿Qué eslogan usa el sitio?,El titular de la página principal dice “Build It. Fix It. Get It Done.”,"EN: What slogan does the site use?
ES: ¿Qué eslogan usa el sitio?","EN: The homepage headline says “Build It. Fix It. Get It Done.”
ES: El titular de la página principal dice “Build It. Fix It. Get It Done.”",slogan,https://ncommercial.vercel.app/
qa_015,store,tienda,What brand is promoted for roofing?,CROSSCO is promoted as a trusted roofing brand on the homepage.,¿Qué marca se promociona para techos?,CROSSCO se promociona como una marca confiable para techos en la página principal.,"EN: What brand is promoted for roofing?
ES: ¿Qué marca se promociona para techos?","EN: CROSSCO is promoted as a trusted roofing brand on the homepage.
ES: CROSSCO se promociona como una marca confiable para techos en la página principal.","CROSSCO,roofing",https://ncommercial.vercel.app/
qa_016,store,tienda,Does the site sell roof sealers?,"Yes. The site has a Roof Sealing department and features CROSSCO Water Guard, CROSSCO Super White, and CROSSCO ES 2000 Plus.",¿El sitio vende selladores de techo?,"Sí. El sitio tiene un departamento de Sellado de techos y destaca CROSSCO Water Guard, CROSSCO Super White y CROSSCO ES 2000 Plus.","EN: Does the site sell roof sealers?
ES: ¿El sitio vende selladores de techo?","EN: Yes. The site has a Roof Sealing department and features CROSSCO Water Guard, CROSSCO Super White, and CROSSCO ES 2000 Plus.
ES: Sí. El sitio tiene un departamento de Sellado de techos y destaca CROSSCO Water Guard, CROSSCO Super White y CROSSCO ES 2000 Plus.",roof sealing,https://ncommercial.vercel.app/
qa_017,store,tienda,Does the site sell tools?,Yes. The Tools department includes products such as the DEWALT 20V MAX Cordless Drill Kit.,¿El sitio vende herramientas?,Sí. El departamento de Herramientas incluye productos como el DEWALT 20V MAX Cordless Drill Kit.,"EN: Does the site sell tools?
ES: ¿El sitio vende herramientas?","EN: Yes. The Tools department includes products such as the DEWALT 20V MAX Cordless Drill Kit.
ES: Sí. El departamento de Herramientas incluye productos como el DEWALT 20V MAX Cordless Drill Kit.",tools,https://ncommercial.vercel.app/
qa_018,store,tienda,Does the site sell plumbing products?,Yes. The Plumbing department includes products such as the Moen Single-Handle Kitchen Faucet.,¿El sitio vende productos de plomería?,Sí. El departamento de Plomería incluye productos como el Moen Single-Handle Kitchen Faucet.,"EN: Does the site sell plumbing products?
ES: ¿El sitio vende productos de plomería?","EN: Yes. The Plumbing department includes products such as the Moen Single-Handle Kitchen Faucet.
ES: Sí. El departamento de Plomería incluye productos como el Moen Single-Handle Kitchen Faucet.",plumbing,https://ncommercial.vercel.app/
qa_019,store,tienda,Does the site sell paint?,Yes. The Paint department includes products such as BEHR Premium Plus Interior Paint 1 Gal.,¿El sitio vende pintura?,Sí. El departamento de Pintura incluye productos como BEHR Premium Plus Interior Paint 1 Gal.,"EN: Does the site sell paint?
ES: ¿El sitio vende pintura?","EN: Yes. The Paint department includes products such as BEHR Premium Plus Interior Paint 1 Gal.
ES: Sí. El departamento de Pintura incluye productos como BEHR Premium Plus Interior Paint 1 Gal.",paint,https://ncommercial.vercel.app/
qa_020,store,tienda,Does the site sell electrical or lighting products?,Yes. The site includes Electrical and Lighting departments and features an EcoSmart LED 60W Equivalent Daylight Bulb 4-Pack.,¿El sitio vende productos eléctricos o de iluminación?,Sí. El sitio incluye departamentos de Eléctrico e Iluminación y destaca el EcoSmart LED 60W Equivalent Daylight Bulb 4-Pack.,"EN: Does the site sell electrical or lighting products?
ES: ¿El sitio vende productos eléctricos o de iluminación?","EN: Yes. The site includes Electrical and Lighting departments and features an EcoSmart LED 60W Equivalent Daylight Bulb 4-Pack.
ES: Sí. El sitio incluye departamentos de Eléctrico e Iluminación y destaca el EcoSmart LED 60W Equivalent Daylight Bulb 4-Pack.","electrical,lighting",https://ncommercial.vercel.app/
qa_021,store,tienda,Does the site sell building materials?,Yes. Building Materials includes Quikrete 60 lb. Concrete Mix.,¿El sitio vende materiales de construcción?,Sí. Materiales de construcción incluye Quikrete 60 lb. Concrete Mix.,"EN: Does the site sell building materials?
ES: ¿El sitio vende materiales de construcción?","EN: Yes. Building Materials includes Quikrete 60 lb. Concrete Mix.
ES: Sí. Materiales de construcción incluye Quikrete 60 lb. Concrete Mix.",building materials,https://ncommercial.vercel.app/
qa_022,store,tienda,Does the site sell garden products?,Yes. Garden products include the True Temper Heavy Duty Wheelbarrow 6 cu ft.,¿El sitio vende productos de jardín?,Sí. Los productos de jardín incluyen la True Temper Heavy Duty Wheelbarrow 6 cu ft.,"EN: Does the site sell garden products?
ES: ¿El sitio vende productos de jardín?","EN: Yes. Garden products include the True Temper Heavy Duty Wheelbarrow 6 cu ft.
ES: Sí. Los productos de jardín incluyen la True Temper Heavy Duty Wheelbarrow 6 cu ft.",garden,https://ncommercial.vercel.app/
qa_023,store,tienda,What customer service links are listed?,"The site lists Help Center, Returns, Shipping Info, and Contact Us under Customer Service.",¿Qué enlaces de servicio al cliente aparecen?,"El sitio lista Help Center, Returns, Shipping Info y Contact Us bajo Customer Service.","EN: What customer service links are listed?
ES: ¿Qué enlaces de servicio al cliente aparecen?","EN: The site lists Help Center, Returns, Shipping Info, and Contact Us under Customer Service.
ES: El sitio lista Help Center, Returns, Shipping Info y Contact Us bajo Customer Service.",customer service,https://ncommercial.vercel.app/
qa_024,store,tienda,What account options are shown?,"The site lists Sign In, Register, Order Status, and Guest Checkout under My Account.",¿Qué opciones de cuenta aparecen?,"El sitio lista Sign In, Register, Order Status y Guest Checkout bajo My Account.","EN: What account options are shown?
ES: ¿Qué opciones de cuenta aparecen?","EN: The site lists Sign In, Register, Order Status, and Guest Checkout under My Account.
ES: El sitio lista Sign In, Register, Order Status y Guest Checkout bajo My Account.",account,https://ncommercial.vercel.app/
qa_025,store,tienda,Can customers use guest checkout?,Yes. Guest Checkout is listed under the My Account section.,¿Los clientes pueden usar guest checkout?,Sí. Guest Checkout aparece bajo la sección My Account.,"EN: Can customers use guest checkout?
ES: ¿Los clientes pueden usar guest checkout?","EN: Yes. Guest Checkout is listed under the My Account section.
ES: Sí. Guest Checkout aparece bajo la sección My Account.",guest checkout,https://ncommercial.vercel.app/
qa_026,Tools,Herramientas,What is DEWALT 20V MAX Cordless Drill Kit?,"DEWALT 20V MAX Cordless Drill Kit is a DEWALT product in the Tools category. Compact, lightweight design fits into tight areas. High performance motor delivers 300 unit watts out (UWO) of power. Includes 2 batteries, charger, and case.",¿Qué es DEWALT 20V MAX Cordless Drill Kit?,"DEWALT 20V MAX Cordless Drill Kit es un producto de DEWALT en la categoría Herramientas. Diseño compacto y liviano que cabe en áreas estrechas. El motor de alto rendimiento entrega 300 unit watts out (UWO) de potencia. Incluye 2 baterías, cargador y estuche.","EN: What is DEWALT 20V MAX Cordless Drill Kit?
ES: ¿Qué es DEWALT 20V MAX Cordless Drill Kit?","EN: DEWALT 20V MAX Cordless Drill Kit is a DEWALT product in the Tools category. Compact, lightweight design fits into tight areas. High performance motor delivers 300 unit watts out (UWO) of power. Includes 2 batteries, charger, and case.
ES: DEWALT 20V MAX Cordless Drill Kit es un producto de DEWALT en la categoría Herramientas. Diseño compacto y liviano que cabe en áreas estrechas. El motor de alto rendimiento entrega 300 unit watts out (UWO) de potencia. Incluye 2 baterías, cargador y estuche.","DEWALT,DW-DCD771C2",https://ncommercial.vercel.app/store/dewalt-20v-cordless-drill
qa_027,Tools,Herramientas,How much does DEWALT 20V MAX Cordless Drill Kit cost?,DEWALT 20V MAX Cordless Drill Kit costs $199.99. It is on sale from $249.99 with a 20% savings.,¿Cuánto cuesta DEWALT 20V MAX Cordless Drill Kit?,DEWALT 20V MAX Cordless Drill Kit cuesta $199.99.. Está en oferta desde $249.99 con un ahorro de 20%.,"EN: How much does DEWALT 20V MAX Cordless Drill Kit cost?
ES: ¿Cuánto cuesta DEWALT 20V MAX Cordless Drill Kit?","EN: DEWALT 20V MAX Cordless Drill Kit costs $199.99. It is on sale from $249.99 with a 20% savings.
ES: DEWALT 20V MAX Cordless Drill Kit cuesta $199.99.. Está en oferta desde $249.99 con un ahorro de 20%.","price,cost",https://ncommercial.vercel.app/store/dewalt-20v-cordless-drill
qa_028,Tools,Herramientas,What is the SKU or item number for DEWALT 20V MAX Cordless Drill Kit?,The SKU/item number for DEWALT 20V MAX Cordless Drill Kit is DW-DCD771C2.,¿Qué es the SKU or item number for DEWALT 20V MAX Cordless Drill Kit?,the SKU or item number for DEWALT 20V MAX Cordless Drill Kit es un producto de  en la categoría Herramientas. ,"EN: What is the SKU or item number for DEWALT 20V MAX Cordless Drill Kit?
ES: ¿Qué es the SKU or item number for DEWALT 20V MAX Cordless Drill Kit?","EN: The SKU/item number for DEWALT 20V MAX Cordless Drill Kit is DW-DCD771C2.
ES: the SKU or item number for DEWALT 20V MAX Cordless Drill Kit es un producto de  en la categoría Herramientas. ","sku,item number",https://ncommercial.vercel.app/store/dewalt-20v-cordless-drill
qa_029,Tools,Herramientas,What is the UPC for DEWALT 20V MAX Cordless Drill Kit?,The UPC for DEWALT 20V MAX Cordless Drill Kit is 885911599832.,¿Qué es the UPC for DEWALT 20V MAX Cordless Drill Kit?,the UPC for DEWALT 20V MAX Cordless Drill Kit es un producto de  en la categoría Herramientas. ,"EN: What is the UPC for DEWALT 20V MAX Cordless Drill Kit?
ES: ¿Qué es the UPC for DEWALT 20V MAX Cordless Drill Kit?","EN: The UPC for DEWALT 20V MAX Cordless Drill Kit is 885911599832.
ES: the UPC for DEWALT 20V MAX Cordless Drill Kit es un producto de  en la categoría Herramientas. ","UPC,barcode",https://ncommercial.vercel.app/store/dewalt-20v-cordless-drill
qa_030,Tools,Herramientas,What brand makes DEWALT 20V MAX Cordless Drill Kit?,DEWALT 20V MAX Cordless Drill Kit is made by DEWALT.,¿Qué marca fabrica DEWALT 20V MAX Cordless Drill Kit?,DEWALT 20V MAX Cordless Drill Kit es fabricado por DEWALT.,"EN: What brand makes DEWALT 20V MAX Cordless Drill Kit?
ES: ¿Qué marca fabrica DEWALT 20V MAX Cordless Drill Kit?","EN: DEWALT 20V MAX Cordless Drill Kit is made by DEWALT.
ES: DEWALT 20V MAX Cordless Drill Kit es fabricado por DEWALT.",brand,https://ncommercial.vercel.app/store/dewalt-20v-cordless-drill
qa_031,Tools,Herramientas,How many DEWALT 20V MAX Cordless Drill Kit are in stock?,The site lists 45 units of DEWALT 20V MAX Cordless Drill Kit in stock.,¿Cuántas unidades de DEWALT 20V MAX Cordless Drill Kit hay en inventario?,El sitio lista 45 unidades de DEWALT 20V MAX Cordless Drill Kit en inventario.,"EN: How many DEWALT 20V MAX Cordless Drill Kit are in stock?
ES: ¿Cuántas unidades de DEWALT 20V MAX Cordless Drill Kit hay en inventario?","EN: The site lists 45 units of DEWALT 20V MAX Cordless Drill Kit in stock.
ES: El sitio lista 45 unidades de DEWALT 20V MAX Cordless Drill Kit en inventario.","stock,inventory",https://ncommercial.vercel.app/store/dewalt-20v-cordless-drill
qa_032,Tools,Herramientas,What is the rating for DEWALT 20V MAX Cordless Drill Kit?,"DEWALT 20V MAX Cordless Drill Kit is rated 4.8 based on 1,247 reviews.",¿Qué es the rating for DEWALT 20V MAX Cordless Drill Kit?,the rating for DEWALT 20V MAX Cordless Drill Kit es un producto de  en la categoría Herramientas. ,"EN: What is the rating for DEWALT 20V MAX Cordless Drill Kit?
ES: ¿Qué es the rating for DEWALT 20V MAX Cordless Drill Kit?","EN: DEWALT 20V MAX Cordless Drill Kit is rated 4.8 based on 1,247 reviews.
ES: the rating for DEWALT 20V MAX Cordless Drill Kit es un producto de  en la categoría Herramientas. ","rating,reviews",https://ncommercial.vercel.app/store/dewalt-20v-cordless-drill
qa_033,Tools,Herramientas,Can I pick up DEWALT 20V MAX Cordless Drill Kit in store?,Yes. The product page says pickup is available in 1 hour at the Naguabo store for DEWALT 20V MAX Cordless Drill Kit.,¿Puedo recoger DEWALT 20V MAX Cordless Drill Kit en la tienda?,Sí. La página del producto indica que el recogido está disponible en 1 hora en la tienda de Naguabo para DEWALT 20V MAX Cordless Drill Kit.,"EN: Can I pick up DEWALT 20V MAX Cordless Drill Kit in store?
ES: ¿Puedo recoger DEWALT 20V MAX Cordless Drill Kit en la tienda?","EN: Yes. The product page says pickup is available in 1 hour at the Naguabo store for DEWALT 20V MAX Cordless Drill Kit.
ES: Sí. La página del producto indica que el recogido está disponible en 1 hora en la tienda de Naguabo para DEWALT 20V MAX Cordless Drill Kit.",pickup,https://ncommercial.vercel.app/store/dewalt-20v-cordless-drill
qa_034,Tools,Herramientas,Does DEWALT 20V MAX Cordless Drill Kit ship?,Yes. The product page says DEWALT 20V MAX Cordless Drill Kit ships in 1-2 days.,¿DEWALT 20V MAX Cordless Drill Kit tiene envío?,Sí. La página del producto indica que DEWALT 20V MAX Cordless Drill Kit se envía en 1 a 2 días.,"EN: Does DEWALT 20V MAX Cordless Drill Kit ship?
ES: ¿DEWALT 20V MAX Cordless Drill Kit tiene envío?","EN: Yes. The product page says DEWALT 20V MAX Cordless Drill Kit ships in 1-2 days.
ES: Sí. La página del producto indica que DEWALT 20V MAX Cordless Drill Kit se envía en 1 a 2 días.",shipping,https://ncommercial.vercel.app/store/dewalt-20v-cordless-drill
qa_035,Tools,Herramientas,Does DEWALT 20V MAX Cordless Drill Kit qualify for free shipping?,The product page says shipping is free for orders over $99. DEWALT 20V MAX Cordless Drill Kit is listed with that shipping note.,¿DEWALT 20V MAX Cordless Drill Kit tiene envío?,Sí. La página del producto indica que DEWALT 20V MAX Cordless Drill Kit se envía en 1 a 2 días.,"EN: Does DEWALT 20V MAX Cordless Drill Kit qualify for free shipping?
ES: ¿DEWALT 20V MAX Cordless Drill Kit tiene envío?","EN: The product page says shipping is free for orders over $99. DEWALT 20V MAX Cordless Drill Kit is listed with that shipping note.
ES: Sí. La página del producto indica que DEWALT 20V MAX Cordless Drill Kit se envía en 1 a 2 días.","shipping,free over 99",https://ncommercial.vercel.app/store/dewalt-20v-cordless-drill
qa_036,Tools,Herramientas,What category is DEWALT 20V MAX Cordless Drill Kit in?,DEWALT 20V MAX Cordless Drill Kit is in the Tools category.,¿En qué categoría está DEWALT 20V MAX Cordless Drill Kit?,DEWALT 20V MAX Cordless Drill Kit está en la categoría Herramientas.,"EN: What category is DEWALT 20V MAX Cordless Drill Kit in?
ES: ¿En qué categoría está DEWALT 20V MAX Cordless Drill Kit?","EN: DEWALT 20V MAX Cordless Drill Kit is in the Tools category.
ES: DEWALT 20V MAX Cordless Drill Kit está en la categoría Herramientas.",category,https://ncommercial.vercel.app/store/dewalt-20v-cordless-drill
qa_037,Tools,Herramientas,Is DEWALT 20V MAX Cordless Drill Kit available at the Naguabo store?,Yes. The product page lists DEWALT 20V MAX Cordless Drill Kit at the Naguabo store with 45 in stock.,¿DEWALT 20V MAX Cordless Drill Kit está disponible en la tienda de Naguabo?,Sí. La página del producto lista DEWALT 20V MAX Cordless Drill Kit en la tienda de Naguabo con 45 unidades en inventario.,"EN: Is DEWALT 20V MAX Cordless Drill Kit available at the Naguabo store?
ES: ¿DEWALT 20V MAX Cordless Drill Kit está disponible en la tienda de Naguabo?","EN: Yes. The product page lists DEWALT 20V MAX Cordless Drill Kit at the Naguabo store with 45 in stock.
ES: Sí. La página del producto lista DEWALT 20V MAX Cordless Drill Kit en la tienda de Naguabo con 45 unidades en inventario.","availability,Naguabo store",https://ncommercial.vercel.app/store/dewalt-20v-cordless-drill
qa_038,Tools,Herramientas,Can I buy DEWALT 20V MAX Cordless Drill Kit online?,Yes. The product page includes Add to cart and Buy now options for DEWALT 20V MAX Cordless Drill Kit.,¿Puedo comprar DEWALT 20V MAX Cordless Drill Kit online?,Sí. La página del producto incluye opciones de Add to cart y Buy now para DEWALT 20V MAX Cordless Drill Kit.,"EN: Can I buy DEWALT 20V MAX Cordless Drill Kit online?
ES: ¿Puedo comprar DEWALT 20V MAX Cordless Drill Kit online?","EN: Yes. The product page includes Add to cart and Buy now options for DEWALT 20V MAX Cordless Drill Kit.
ES: Sí. La página del producto incluye opciones de Add to cart y Buy now para DEWALT 20V MAX Cordless Drill Kit.","online order,buy now",https://ncommercial.vercel.app/store/dewalt-20v-cordless-drill
qa_039,Tools,Herramientas,What are the main features of DEWALT 20V MAX Cordless Drill Kit?,"Main details for DEWALT 20V MAX Cordless Drill Kit: Compact, lightweight design fits into tight areas. High performance motor delivers 300 unit watts out (UWO) of power. Includes 2 batteries, charger, and case.",¿Cuáles son las características principales de DEWALT 20V MAX Cordless Drill Kit?,"Detalles principales de DEWALT 20V MAX Cordless Drill Kit: Diseño compacto y liviano que cabe en áreas estrechas. El motor de alto rendimiento entrega 300 unit watts out (UWO) de potencia. Incluye 2 baterías, cargador y estuche.","EN: What are the main features of DEWALT 20V MAX Cordless Drill Kit?
ES: ¿Cuáles son las características principales de DEWALT 20V MAX Cordless Drill Kit?","EN: Main details for DEWALT 20V MAX Cordless Drill Kit: Compact, lightweight design fits into tight areas. High performance motor delivers 300 unit watts out (UWO) of power. Includes 2 batteries, charger, and case.
ES: Detalles principales de DEWALT 20V MAX Cordless Drill Kit: Diseño compacto y liviano que cabe en áreas estrechas. El motor de alto rendimiento entrega 300 unit watts out (UWO) de potencia. Incluye 2 baterías, cargador y estuche.","features,description",https://ncommercial.vercel.app/store/dewalt-20v-cordless-drill
qa_040,Tools,Herramientas,Is DEWALT 20V MAX Cordless Drill Kit a good option for its department?,"Based on the site listing, DEWALT 20V MAX Cordless Drill Kit is a featured Tools product with a 4.8 rating and 1,247 reviews.",¿DEWALT 20V MAX Cordless Drill Kit es una buena opción para su departamento?,"Según el listado del sitio, DEWALT 20V MAX Cordless Drill Kit es un producto destacado de Herramientas con una calificación de  y  reseñas.","EN: Is DEWALT 20V MAX Cordless Drill Kit a good option for its department?
ES: ¿DEWALT 20V MAX Cordless Drill Kit es una buena opción para su departamento?","EN: Based on the site listing, DEWALT 20V MAX Cordless Drill Kit is a featured Tools product with a 4.8 rating and 1,247 reviews.
ES: Según el listado del sitio, DEWALT 20V MAX Cordless Drill Kit es un producto destacado de Herramientas con una calificación de  y  reseñas.","recommendation,featured",https://ncommercial.vercel.app/store/dewalt-20v-cordless-drill
qa_041,Tools,Herramientas,Do you have DEWALT DW-DCD771C2?,Yes. DW-DCD771C2 is DEWALT 20V MAX Cordless Drill Kit by DEWALT. The listed price is $199.99 and stock is 45 units.,¿Tienen DEWALT DW-DCD771C2?,Sí. DW-DCD771C2 corresponde a DEWALT 20V MAX Cordless Drill Kit de DEWALT. El precio listado es $199.99 y el inventario es de 45 unidades.,"EN: Do you have DEWALT DW-DCD771C2?
ES: ¿Tienen DEWALT DW-DCD771C2?","EN: Yes. DW-DCD771C2 is DEWALT 20V MAX Cordless Drill Kit by DEWALT. The listed price is $199.99 and stock is 45 units.
ES: Sí. DW-DCD771C2 corresponde a DEWALT 20V MAX Cordless Drill Kit de DEWALT. El precio listado es $199.99 y el inventario es de 45 unidades.","DEWALT,DW-DCD771C2,lookup",https://ncommercial.vercel.app/store/dewalt-20v-cordless-drill
qa_042,Tools,Herramientas,What should I know before ordering DEWALT 20V MAX Cordless Drill Kit?,"Before ordering DEWALT 20V MAX Cordless Drill Kit, note the price is $199.99, SKU is DW-DCD771C2, stock is 45, shipping is listed as 1-2 days, and pickup is listed as 1 hour at the Naguabo store.",¿Qué debo saber antes de ordenar DEWALT 20V MAX Cordless Drill Kit?,"Antes de ordenar DEWALT 20V MAX Cordless Drill Kit, toma en cuenta que el precio es $199.99,, el SKU es DW-DCD771C2, el inventario es 45, el envío aparece como 1 a 2 días y el recogido aparece como 1 hora en la tienda de Naguabo.","EN: What should I know before ordering DEWALT 20V MAX Cordless Drill Kit?
ES: ¿Qué debo saber antes de ordenar DEWALT 20V MAX Cordless Drill Kit?","EN: Before ordering DEWALT 20V MAX Cordless Drill Kit, note the price is $199.99, SKU is DW-DCD771C2, stock is 45, shipping is listed as 1-2 days, and pickup is listed as 1 hour at the Naguabo store.
ES: Antes de ordenar DEWALT 20V MAX Cordless Drill Kit, toma en cuenta que el precio es $199.99,, el SKU es DW-DCD771C2, el inventario es 45, el envío aparece como 1 a 2 días y el recogido aparece como 1 hora en la tienda de Naguabo.","ordering,summary",https://ncommercial.vercel.app/store/dewalt-20v-cordless-drill
qa_043,Building Materials,Materiales de construcción,What is Quikrete 60 lb. Concrete Mix?,Quikrete 60 lb. Concrete Mix is a Quikrete product in the Building Materials category. Original 4000 PSI average compressive strength concrete mix. Use for any general concrete application. Just add water.,¿Qué es Quikrete 60 lb. Concrete Mix?,Quikrete 60 lb. Concrete Mix es un producto de Quikrete en la categoría Materiales de construcción. Mezcla de concreto original con resistencia promedio a compresión de 4000 PSI. Úsela para aplicaciones generales de concreto. Solo agregue agua.,"EN: What is Quikrete 60 lb. Concrete Mix?
ES: ¿Qué es Quikrete 60 lb. Concrete Mix?","EN: Quikrete 60 lb. Concrete Mix is a Quikrete product in the Building Materials category. Original 4000 PSI average compressive strength concrete mix. Use for any general concrete application. Just add water.
ES: Quikrete 60 lb. Concrete Mix es un producto de Quikrete en la categoría Materiales de construcción. Mezcla de concreto original con resistencia promedio a compresión de 4000 PSI. Úsela para aplicaciones generales de concreto. Solo agregue agua.","Quikrete,QK-1101-60",https://ncommercial.vercel.app/store/quikrete-concrete-mix
qa_044,Building Materials,Materiales de construcción,How much does Quikrete 60 lb. Concrete Mix cost?,Quikrete 60 lb. Concrete Mix costs $6.48.,¿Cuánto cuesta Quikrete 60 lb. Concrete Mix?,Quikrete 60 lb. Concrete Mix cuesta $6.48..,"EN: How much does Quikrete 60 lb. Concrete Mix cost?
ES: ¿Cuánto cuesta Quikrete 60 lb. Concrete Mix?","EN: Quikrete 60 lb. Concrete Mix costs $6.48.
ES: Quikrete 60 lb. Concrete Mix cuesta $6.48..","price,cost",https://ncommercial.vercel.app/store/quikrete-concrete-mix
qa_045,Building Materials,Materiales de construcción,What is the SKU or item number for Quikrete 60 lb. Concrete Mix?,The SKU/item number for Quikrete 60 lb. Concrete Mix is QK-1101-60.,¿Qué es the SKU or item number for Quikrete 60 lb. Concrete Mix?,the SKU or item number for Quikrete 60 lb. Concrete Mix es un producto de  en la categoría Materiales de construcción. ,"EN: What is the SKU or item number for Quikrete 60 lb. Concrete Mix?
ES: ¿Qué es the SKU or item number for Quikrete 60 lb. Concrete Mix?","EN: The SKU/item number for Quikrete 60 lb. Concrete Mix is QK-1101-60.
ES: the SKU or item number for Quikrete 60 lb. Concrete Mix es un producto de  en la categoría Materiales de construcción. ","sku,item number",https://ncommercial.vercel.app/store/quikrete-concrete-mix
qa_046,Building Materials,Materiales de construcción,What is the UPC for Quikrete 60 lb. Concrete Mix?,The UPC for Quikrete 60 lb. Concrete Mix is 039645011010.,¿Qué es the UPC for Quikrete 60 lb. Concrete Mix?,the UPC for Quikrete 60 lb. Concrete Mix es un producto de  en la categoría Materiales de construcción. ,"EN: What is the UPC for Quikrete 60 lb. Concrete Mix?
ES: ¿Qué es the UPC for Quikrete 60 lb. Concrete Mix?","EN: The UPC for Quikrete 60 lb. Concrete Mix is 039645011010.
ES: the UPC for Quikrete 60 lb. Concrete Mix es un producto de  en la categoría Materiales de construcción. ","UPC,barcode",https://ncommercial.vercel.app/store/quikrete-concrete-mix
qa_047,Building Materials,Materiales de construcción,What brand makes Quikrete 60 lb. Concrete Mix?,Quikrete 60 lb. Concrete Mix is made by Quikrete.,¿Qué marca fabrica Quikrete 60 lb. Concrete Mix?,Quikrete 60 lb. Concrete Mix es fabricado por Quikrete.,"EN: What brand makes Quikrete 60 lb. Concrete Mix?
ES: ¿Qué marca fabrica Quikrete 60 lb. Concrete Mix?","EN: Quikrete 60 lb. Concrete Mix is made by Quikrete.
ES: Quikrete 60 lb. Concrete Mix es fabricado por Quikrete.",brand,https://ncommercial.vercel.app/store/quikrete-concrete-mix
qa_048,Building Materials,Materiales de construcción,How many Quikrete 60 lb. Concrete Mix are in stock?,The site lists 320 units of Quikrete 60 lb. Concrete Mix in stock.,¿Cuántas unidades de Quikrete 60 lb. Concrete Mix hay en inventario?,El sitio lista 320 unidades de Quikrete 60 lb. Concrete Mix en inventario.,"EN: How many Quikrete 60 lb. Concrete Mix are in stock?
ES: ¿Cuántas unidades de Quikrete 60 lb. Concrete Mix hay en inventario?","EN: The site lists 320 units of Quikrete 60 lb. Concrete Mix in stock.
ES: El sitio lista 320 unidades de Quikrete 60 lb. Concrete Mix en inventario.","stock,inventory",https://ncommercial.vercel.app/store/quikrete-concrete-mix
qa_049,Building Materials,Materiales de construcción,What is the rating for Quikrete 60 lb. Concrete Mix?,Quikrete 60 lb. Concrete Mix is rated 4.6 based on 892 reviews.,¿Qué es the rating for Quikrete 60 lb. Concrete Mix?,the rating for Quikrete 60 lb. Concrete Mix es un producto de  en la categoría Materiales de construcción. ,"EN: What is the rating for Quikrete 60 lb. Concrete Mix?
ES: ¿Qué es the rating for Quikrete 60 lb. Concrete Mix?","EN: Quikrete 60 lb. Concrete Mix is rated 4.6 based on 892 reviews.
ES: the rating for Quikrete 60 lb. Concrete Mix es un producto de  en la categoría Materiales de construcción. ","rating,reviews",https://ncommercial.vercel.app/store/quikrete-concrete-mix
qa_050,Building Materials,Materiales de construcción,Can I pick up Quikrete 60 lb. Concrete Mix in store?,Yes. The product page says pickup is available in 1 hour at the Naguabo store for Quikrete 60 lb. Concrete Mix.,¿Puedo recoger Quikrete 60 lb. Concrete Mix en la tienda?,Sí. La página del producto indica que el recogido está disponible en 1 hora en la tienda de Naguabo para Quikrete 60 lb. Concrete Mix.,"EN: Can I pick up Quikrete 60 lb. Concrete Mix in store?
ES: ¿Puedo recoger Quikrete 60 lb. Concrete Mix en la tienda?","EN: Yes. The product page says pickup is available in 1 hour at the Naguabo store for Quikrete 60 lb. Concrete Mix.
ES: Sí. La página del producto indica que el recogido está disponible en 1 hora en la tienda de Naguabo para Quikrete 60 lb. Concrete Mix.",pickup,https://ncommercial.vercel.app/store/quikrete-concrete-mix
qa_051,Building Materials,Materiales de construcción,Does Quikrete 60 lb. Concrete Mix ship?,Yes. The product page says Quikrete 60 lb. Concrete Mix ships in 1-2 days.,¿Quikrete 60 lb. Concrete Mix tiene envío?,Sí. La página del producto indica que Quikrete 60 lb. Concrete Mix se envía en 1 a 2 días.,"EN: Does Quikrete 60 lb. Concrete Mix ship?
ES: ¿Quikrete 60 lb. Concrete Mix tiene envío?","EN: Yes. The product page says Quikrete 60 lb. Concrete Mix ships in 1-2 days.
ES: Sí. La página del producto indica que Quikrete 60 lb. Concrete Mix se envía en 1 a 2 días.",shipping,https://ncommercial.vercel.app/store/quikrete-concrete-mix
qa_052,Building Materials,Materiales de construcción,Does Quikrete 60 lb. Concrete Mix qualify for free shipping?,The product page says shipping is free for orders over $99. Quikrete 60 lb. Concrete Mix is listed with that shipping note.,¿Quikrete 60 lb. Concrete Mix tiene envío?,Sí. La página del producto indica que Quikrete 60 lb. Concrete Mix se envía en 1 a 2 días.,"EN: Does Quikrete 60 lb. Concrete Mix qualify for free shipping?
ES: ¿Quikrete 60 lb. Concrete Mix tiene envío?","EN: The product page says shipping is free for orders over $99. Quikrete 60 lb. Concrete Mix is listed with that shipping note.
ES: Sí. La página del producto indica que Quikrete 60 lb. Concrete Mix se envía en 1 a 2 días.","shipping,free over 99",https://ncommercial.vercel.app/store/quikrete-concrete-mix
qa_053,Building Materials,Materiales de construcción,What category is Quikrete 60 lb. Concrete Mix in?,Quikrete 60 lb. Concrete Mix is in the Building Materials category.,¿En qué categoría está Quikrete 60 lb. Concrete Mix?,Quikrete 60 lb. Concrete Mix está en la categoría Materiales de construcción.,"EN: What category is Quikrete 60 lb. Concrete Mix in?
ES: ¿En qué categoría está Quikrete 60 lb. Concrete Mix?","EN: Quikrete 60 lb. Concrete Mix is in the Building Materials category.
ES: Quikrete 60 lb. Concrete Mix está en la categoría Materiales de construcción.",category,https://ncommercial.vercel.app/store/quikrete-concrete-mix
qa_054,Building Materials,Materiales de construcción,Is Quikrete 60 lb. Concrete Mix available at the Naguabo store?,Yes. The product page lists Quikrete 60 lb. Concrete Mix at the Naguabo store with 320 in stock.,¿Quikrete 60 lb. Concrete Mix está disponible en la tienda de Naguabo?,Sí. La página del producto lista Quikrete 60 lb. Concrete Mix en la tienda de Naguabo con 320 unidades en inventario.,"EN: Is Quikrete 60 lb. Concrete Mix available at the Naguabo store?
ES: ¿Quikrete 60 lb. Concrete Mix está disponible en la tienda de Naguabo?","EN: Yes. The product page lists Quikrete 60 lb. Concrete Mix at the Naguabo store with 320 in stock.
ES: Sí. La página del producto lista Quikrete 60 lb. Concrete Mix en la tienda de Naguabo con 320 unidades en inventario.","availability,Naguabo store",https://ncommercial.vercel.app/store/quikrete-concrete-mix
qa_055,Building Materials,Materiales de construcción,Can I buy Quikrete 60 lb. Concrete Mix online?,Yes. The product page includes Add to cart and Buy now options for Quikrete 60 lb. Concrete Mix.,¿Puedo comprar Quikrete 60 lb. Concrete Mix online?,Sí. La página del producto incluye opciones de Add to cart y Buy now para Quikrete 60 lb. Concrete Mix.,"EN: Can I buy Quikrete 60 lb. Concrete Mix online?
ES: ¿Puedo comprar Quikrete 60 lb. Concrete Mix online?","EN: Yes. The product page includes Add to cart and Buy now options for Quikrete 60 lb. Concrete Mix.
ES: Sí. La página del producto incluye opciones de Add to cart y Buy now para Quikrete 60 lb. Concrete Mix.","online order,buy now",https://ncommercial.vercel.app/store/quikrete-concrete-mix
qa_056,Building Materials,Materiales de construcción,What are the main features of Quikrete 60 lb. Concrete Mix?,Main details for Quikrete 60 lb. Concrete Mix: Original 4000 PSI average compressive strength concrete mix. Use for any general concrete application. Just add water.,¿Cuáles son las características principales de Quikrete 60 lb. Concrete Mix?,Detalles principales de Quikrete 60 lb. Concrete Mix: Mezcla de concreto original con resistencia promedio a compresión de 4000 PSI. Úsela para aplicaciones generales de concreto. Solo agregue agua.,"EN: What are the main features of Quikrete 60 lb. Concrete Mix?
ES: ¿Cuáles son las características principales de Quikrete 60 lb. Concrete Mix?","EN: Main details for Quikrete 60 lb. Concrete Mix: Original 4000 PSI average compressive strength concrete mix. Use for any general concrete application. Just add water.
ES: Detalles principales de Quikrete 60 lb. Concrete Mix: Mezcla de concreto original con resistencia promedio a compresión de 4000 PSI. Úsela para aplicaciones generales de concreto. Solo agregue agua.","features,description",https://ncommercial.vercel.app/store/quikrete-concrete-mix
qa_057,Building Materials,Materiales de construcción,Is Quikrete 60 lb. Concrete Mix a good option for its department?,"Based on the site listing, Quikrete 60 lb. Concrete Mix is a featured Building Materials product with a 4.6 rating and 892 reviews.",¿Quikrete 60 lb. Concrete Mix es una buena opción para su departamento?,"Según el listado del sitio, Quikrete 60 lb. Concrete Mix es un producto destacado de Materiales de construcción con una calificación de  y  reseñas.","EN: Is Quikrete 60 lb. Concrete Mix a good option for its department?
ES: ¿Quikrete 60 lb. Concrete Mix es una buena opción para su departamento?","EN: Based on the site listing, Quikrete 60 lb. Concrete Mix is a featured Building Materials product with a 4.6 rating and 892 reviews.
ES: Según el listado del sitio, Quikrete 60 lb. Concrete Mix es un producto destacado de Materiales de construcción con una calificación de  y  reseñas.","recommendation,featured",https://ncommercial.vercel.app/store/quikrete-concrete-mix
qa_058,Building Materials,Materiales de construcción,Do you have Quikrete QK-1101-60?,Yes. QK-1101-60 is Quikrete 60 lb. Concrete Mix by Quikrete. The listed price is $6.48 and stock is 320 units.,¿Tienen Quikrete QK-1101-60?,Sí. QK-1101-60 corresponde a Quikrete 60 lb. Concrete Mix de Quikrete. El precio listado es $6.48 y el inventario es de 320 unidades.,"EN: Do you have Quikrete QK-1101-60?
ES: ¿Tienen Quikrete QK-1101-60?","EN: Yes. QK-1101-60 is Quikrete 60 lb. Concrete Mix by Quikrete. The listed price is $6.48 and stock is 320 units.
ES: Sí. QK-1101-60 corresponde a Quikrete 60 lb. Concrete Mix de Quikrete. El precio listado es $6.48 y el inventario es de 320 unidades.","Quikrete,QK-1101-60,lookup",https://ncommercial.vercel.app/store/quikrete-concrete-mix
qa_059,Building Materials,Materiales de construcción,What should I know before ordering Quikrete 60 lb. Concrete Mix?,"Before ordering Quikrete 60 lb. Concrete Mix, note the price is $6.48, SKU is QK-1101-60, stock is 320, shipping is listed as 1-2 days, and pickup is listed as 1 hour at the Naguabo store.",¿Qué debo saber antes de ordenar Quikrete 60 lb. Concrete Mix?,"Antes de ordenar Quikrete 60 lb. Concrete Mix, toma en cuenta que el precio es $6.48,, el SKU es QK-1101-60, el inventario es 320, el envío aparece como 1 a 2 días y el recogido aparece como 1 hora en la tienda de Naguabo.","EN: What should I know before ordering Quikrete 60 lb. Concrete Mix?
ES: ¿Qué debo saber antes de ordenar Quikrete 60 lb. Concrete Mix?","EN: Before ordering Quikrete 60 lb. Concrete Mix, note the price is $6.48, SKU is QK-1101-60, stock is 320, shipping is listed as 1-2 days, and pickup is listed as 1 hour at the Naguabo store.
ES: Antes de ordenar Quikrete 60 lb. Concrete Mix, toma en cuenta que el precio es $6.48,, el SKU es QK-1101-60, el inventario es 320, el envío aparece como 1 a 2 días y el recogido aparece como 1 hora en la tienda de Naguabo.","ordering,summary",https://ncommercial.vercel.app/store/quikrete-concrete-mix
qa_060,Plumbing,Plomería,What is Moen Single-Handle Kitchen Faucet?,Moen Single-Handle Kitchen Faucet is a Moen product in the Plumbing category. Chrome finish with pull-down sprayer. Lifetime limited warranty. Easy installation with included hardware.,¿Qué es Moen Single-Handle Kitchen Faucet?,"Moen Single-Handle Kitchen Faucet es un producto de Moen en la categoría Plomería. Grifo de cocina de una sola manija con acabado cromado. Incluye rociador desplegable, herrajes de instalación y garantía limitada de por vida.","EN: What is Moen Single-Handle Kitchen Faucet?
ES: ¿Qué es Moen Single-Handle Kitchen Faucet?","EN: Moen Single-Handle Kitchen Faucet is a Moen product in the Plumbing category. Chrome finish with pull-down sprayer. Lifetime limited warranty. Easy installation with included hardware.
ES: Moen Single-Handle Kitchen Faucet es un producto de Moen en la categoría Plomería. Grifo de cocina de una sola manija con acabado cromado. Incluye rociador desplegable, herrajes de instalación y garantía limitada de por vida.","Moen,MN-87039",https://ncommercial.vercel.app/store/moen-kitchen-faucet
qa_061,Plumbing,Plomería,How much does Moen Single-Handle Kitchen Faucet cost?,Moen Single-Handle Kitchen Faucet costs $159.00. It is on sale from $199.00 with a 20% savings.,¿Cuánto cuesta Moen Single-Handle Kitchen Faucet?,Moen Single-Handle Kitchen Faucet cuesta $159.00.. Está en oferta desde $199.00 con un ahorro de 20%.,"EN: How much does Moen Single-Handle Kitchen Faucet cost?
ES: ¿Cuánto cuesta Moen Single-Handle Kitchen Faucet?","EN: Moen Single-Handle Kitchen Faucet costs $159.00. It is on sale from $199.00 with a 20% savings.
ES: Moen Single-Handle Kitchen Faucet cuesta $159.00.. Está en oferta desde $199.00 con un ahorro de 20%.","price,cost",https://ncommercial.vercel.app/store/moen-kitchen-faucet
qa_062,Plumbing,Plomería,What is the SKU or item number for Moen Single-Handle Kitchen Faucet?,The SKU/item number for Moen Single-Handle Kitchen Faucet is MN-87039.,¿Qué es the SKU or item number for Moen Single-Handle Kitchen Faucet?,the SKU or item number for Moen Single-Handle Kitchen Faucet es un producto de  en la categoría Plomería. ,"EN: What is the SKU or item number for Moen Single-Handle Kitchen Faucet?
ES: ¿Qué es the SKU or item number for Moen Single-Handle Kitchen Faucet?","EN: The SKU/item number for Moen Single-Handle Kitchen Faucet is MN-87039.
ES: the SKU or item number for Moen Single-Handle Kitchen Faucet es un producto de  en la categoría Plomería. ","sku,item number",https://ncommercial.vercel.app/store/moen-kitchen-faucet
qa_063,Plumbing,Plomería,What is the UPC for Moen Single-Handle Kitchen Faucet?,The UPC for Moen Single-Handle Kitchen Faucet is 026508295731.,¿Qué es the UPC for Moen Single-Handle Kitchen Faucet?,the UPC for Moen Single-Handle Kitchen Faucet es un producto de  en la categoría Plomería. ,"EN: What is the UPC for Moen Single-Handle Kitchen Faucet?
ES: ¿Qué es the UPC for Moen Single-Handle Kitchen Faucet?","EN: The UPC for Moen Single-Handle Kitchen Faucet is 026508295731.
ES: the UPC for Moen Single-Handle Kitchen Faucet es un producto de  en la categoría Plomería. ","UPC,barcode",https://ncommercial.vercel.app/store/moen-kitchen-faucet
qa_064,Plumbing,Plomería,What brand makes Moen Single-Handle Kitchen Faucet?,Moen Single-Handle Kitchen Faucet is made by Moen.,¿Qué marca fabrica Moen Single-Handle Kitchen Faucet?,Moen Single-Handle Kitchen Faucet es fabricado por Moen.,"EN: What brand makes Moen Single-Handle Kitchen Faucet?
ES: ¿Qué marca fabrica Moen Single-Handle Kitchen Faucet?","EN: Moen Single-Handle Kitchen Faucet is made by Moen.
ES: Moen Single-Handle Kitchen Faucet es fabricado por Moen.",brand,https://ncommercial.vercel.app/store/moen-kitchen-faucet
qa_065,Plumbing,Plomería,How many Moen Single-Handle Kitchen Faucet are in stock?,The site lists 28 units of Moen Single-Handle Kitchen Faucet in stock.,¿Cuántas unidades de Moen Single-Handle Kitchen Faucet hay en inventario?,El sitio lista 28 unidades de Moen Single-Handle Kitchen Faucet en inventario.,"EN: How many Moen Single-Handle Kitchen Faucet are in stock?
ES: ¿Cuántas unidades de Moen Single-Handle Kitchen Faucet hay en inventario?","EN: The site lists 28 units of Moen Single-Handle Kitchen Faucet in stock.
ES: El sitio lista 28 unidades de Moen Single-Handle Kitchen Faucet en inventario.","stock,inventory",https://ncommercial.vercel.app/store/moen-kitchen-faucet
qa_066,Plumbing,Plomería,What is the rating for Moen Single-Handle Kitchen Faucet?,Moen Single-Handle Kitchen Faucet is rated 4.7 based on 543 reviews.,¿Qué es the rating for Moen Single-Handle Kitchen Faucet?,the rating for Moen Single-Handle Kitchen Faucet es un producto de  en la categoría Plomería. ,"EN: What is the rating for Moen Single-Handle Kitchen Faucet?
ES: ¿Qué es the rating for Moen Single-Handle Kitchen Faucet?","EN: Moen Single-Handle Kitchen Faucet is rated 4.7 based on 543 reviews.
ES: the rating for Moen Single-Handle Kitchen Faucet es un producto de  en la categoría Plomería. ","rating,reviews",https://ncommercial.vercel.app/store/moen-kitchen-faucet
qa_067,Plumbing,Plomería,Can I pick up Moen Single-Handle Kitchen Faucet in store?,Yes. The product page says pickup is available in 1 hour at the Naguabo store for Moen Single-Handle Kitchen Faucet.,¿Puedo recoger Moen Single-Handle Kitchen Faucet en la tienda?,Sí. La página del producto indica que el recogido está disponible en 1 hora en la tienda de Naguabo para Moen Single-Handle Kitchen Faucet.,"EN: Can I pick up Moen Single-Handle Kitchen Faucet in store?
ES: ¿Puedo recoger Moen Single-Handle Kitchen Faucet en la tienda?","EN: Yes. The product page says pickup is available in 1 hour at the Naguabo store for Moen Single-Handle Kitchen Faucet.
ES: Sí. La página del producto indica que el recogido está disponible en 1 hora en la tienda de Naguabo para Moen Single-Handle Kitchen Faucet.",pickup,https://ncommercial.vercel.app/store/moen-kitchen-faucet
qa_068,Plumbing,Plomería,Does Moen Single-Handle Kitchen Faucet ship?,Yes. The product page says Moen Single-Handle Kitchen Faucet ships in 1-2 days.,¿Moen Single-Handle Kitchen Faucet tiene envío?,Sí. La página del producto indica que Moen Single-Handle Kitchen Faucet se envía en 1 a 2 días.,"EN: Does Moen Single-Handle Kitchen Faucet ship?
ES: ¿Moen Single-Handle Kitchen Faucet tiene envío?","EN: Yes. The product page says Moen Single-Handle Kitchen Faucet ships in 1-2 days.
ES: Sí. La página del producto indica que Moen Single-Handle Kitchen Faucet se envía en 1 a 2 días.",shipping,https://ncommercial.vercel.app/store/moen-kitchen-faucet
qa_069,Plumbing,Plomería,Does Moen Single-Handle Kitchen Faucet qualify for free shipping?,The product page says shipping is free for orders over $99. Moen Single-Handle Kitchen Faucet is listed with that shipping note.,¿Moen Single-Handle Kitchen Faucet tiene envío?,Sí. La página del producto indica que Moen Single-Handle Kitchen Faucet se envía en 1 a 2 días.,"EN: Does Moen Single-Handle Kitchen Faucet qualify for free shipping?
ES: ¿Moen Single-Handle Kitchen Faucet tiene envío?","EN: The product page says shipping is free for orders over $99. Moen Single-Handle Kitchen Faucet is listed with that shipping note.
ES: Sí. La página del producto indica que Moen Single-Handle Kitchen Faucet se envía en 1 a 2 días.","shipping,free over 99",https://ncommercial.vercel.app/store/moen-kitchen-faucet
qa_070,Plumbing,Plomería,What category is Moen Single-Handle Kitchen Faucet in?,Moen Single-Handle Kitchen Faucet is in the Plumbing category.,¿En qué categoría está Moen Single-Handle Kitchen Faucet?,Moen Single-Handle Kitchen Faucet está en la categoría Plomería.,"EN: What category is Moen Single-Handle Kitchen Faucet in?
ES: ¿En qué categoría está Moen Single-Handle Kitchen Faucet?","EN: Moen Single-Handle Kitchen Faucet is in the Plumbing category.
ES: Moen Single-Handle Kitchen Faucet está en la categoría Plomería.",category,https://ncommercial.vercel.app/store/moen-kitchen-faucet
qa_071,Plumbing,Plomería,Is Moen Single-Handle Kitchen Faucet available at the Naguabo store?,Yes. The product page lists Moen Single-Handle Kitchen Faucet at the Naguabo store with 28 in stock.,¿Moen Single-Handle Kitchen Faucet está disponible en la tienda de Naguabo?,Sí. La página del producto lista Moen Single-Handle Kitchen Faucet en la tienda de Naguabo con 28 unidades en inventario.,"EN: Is Moen Single-Handle Kitchen Faucet available at the Naguabo store?
ES: ¿Moen Single-Handle Kitchen Faucet está disponible en la tienda de Naguabo?","EN: Yes. The product page lists Moen Single-Handle Kitchen Faucet at the Naguabo store with 28 in stock.
ES: Sí. La página del producto lista Moen Single-Handle Kitchen Faucet en la tienda de Naguabo con 28 unidades en inventario.","availability,Naguabo store",https://ncommercial.vercel.app/store/moen-kitchen-faucet
qa_072,Plumbing,Plomería,Can I buy Moen Single-Handle Kitchen Faucet online?,Yes. The product page includes Add to cart and Buy now options for Moen Single-Handle Kitchen Faucet.,¿Puedo comprar Moen Single-Handle Kitchen Faucet online?,Sí. La página del producto incluye opciones de Add to cart y Buy now para Moen Single-Handle Kitchen Faucet.,"EN: Can I buy Moen Single-Handle Kitchen Faucet online?
ES: ¿Puedo comprar Moen Single-Handle Kitchen Faucet online?","EN: Yes. The product page includes Add to cart and Buy now options for Moen Single-Handle Kitchen Faucet.
ES: Sí. La página del producto incluye opciones de Add to cart y Buy now para Moen Single-Handle Kitchen Faucet.","online order,buy now",https://ncommercial.vercel.app/store/moen-kitchen-faucet
qa_073,Plumbing,Plomería,What are the main features of Moen Single-Handle Kitchen Faucet?,Main details for Moen Single-Handle Kitchen Faucet: Chrome finish with pull-down sprayer. Lifetime limited warranty. Easy installation with included hardware.,¿Cuáles son las características principales de Moen Single-Handle Kitchen Faucet?,"Detalles principales de Moen Single-Handle Kitchen Faucet: Grifo de cocina de una sola manija con acabado cromado. Incluye rociador desplegable, herrajes de instalación y garantía limitada de por vida.","EN: What are the main features of Moen Single-Handle Kitchen Faucet?
ES: ¿Cuáles son las características principales de Moen Single-Handle Kitchen Faucet?","EN: Main details for Moen Single-Handle Kitchen Faucet: Chrome finish with pull-down sprayer. Lifetime limited warranty. Easy installation with included hardware.
ES: Detalles principales de Moen Single-Handle Kitchen Faucet: Grifo de cocina de una sola manija con acabado cromado. Incluye rociador desplegable, herrajes de instalación y garantía limitada de por vida.","features,description",https://ncommercial.vercel.app/store/moen-kitchen-faucet
qa_074,Plumbing,Plomería,Is Moen Single-Handle Kitchen Faucet a good option for its department?,"Based on the site listing, Moen Single-Handle Kitchen Faucet is a featured Plumbing product with a 4.7 rating and 543 reviews.",¿Moen Single-Handle Kitchen Faucet es una buena opción para su departamento?,"Según el listado del sitio, Moen Single-Handle Kitchen Faucet es un producto destacado de Plomería con una calificación de  y  reseñas.","EN: Is Moen Single-Handle Kitchen Faucet a good option for its department?
ES: ¿Moen Single-Handle Kitchen Faucet es una buena opción para su departamento?","EN: Based on the site listing, Moen Single-Handle Kitchen Faucet is a featured Plumbing product with a 4.7 rating and 543 reviews.
ES: Según el listado del sitio, Moen Single-Handle Kitchen Faucet es un producto destacado de Plomería con una calificación de  y  reseñas.","recommendation,featured",https://ncommercial.vercel.app/store/moen-kitchen-faucet
qa_075,Plumbing,Plomería,Do you have Moen MN-87039?,Yes. MN-87039 is Moen Single-Handle Kitchen Faucet by Moen. The listed price is $159.00 and stock is 28 units.,¿Tienen Moen MN-87039?,Sí. MN-87039 corresponde a Moen Single-Handle Kitchen Faucet de Moen. El precio listado es $159.00 y el inventario es de 28 unidades.,"EN: Do you have Moen MN-87039?
ES: ¿Tienen Moen MN-87039?","EN: Yes. MN-87039 is Moen Single-Handle Kitchen Faucet by Moen. The listed price is $159.00 and stock is 28 units.
ES: Sí. MN-87039 corresponde a Moen Single-Handle Kitchen Faucet de Moen. El precio listado es $159.00 y el inventario es de 28 unidades.","Moen,MN-87039,lookup",https://ncommercial.vercel.app/store/moen-kitchen-faucet
qa_076,Plumbing,Plomería,What should I know before ordering Moen Single-Handle Kitchen Faucet?,"Before ordering Moen Single-Handle Kitchen Faucet, note the price is $159.00, SKU is MN-87039, stock is 28, shipping is listed as 1-2 days, and pickup is listed as 1 hour at the Naguabo store.",¿Qué debo saber antes de ordenar Moen Single-Handle Kitchen Faucet?,"Antes de ordenar Moen Single-Handle Kitchen Faucet, toma en cuenta que el precio es $159.00,, el SKU es MN-87039, el inventario es 28, el envío aparece como 1 a 2 días y el recogido aparece como 1 hora en la tienda de Naguabo.","EN: What should I know before ordering Moen Single-Handle Kitchen Faucet?
ES: ¿Qué debo saber antes de ordenar Moen Single-Handle Kitchen Faucet?","EN: Before ordering Moen Single-Handle Kitchen Faucet, note the price is $159.00, SKU is MN-87039, stock is 28, shipping is listed as 1-2 days, and pickup is listed as 1 hour at the Naguabo store.
ES: Antes de ordenar Moen Single-Handle Kitchen Faucet, toma en cuenta que el precio es $159.00,, el SKU es MN-87039, el inventario es 28, el envío aparece como 1 a 2 días y el recogido aparece como 1 hora en la tienda de Naguabo.","ordering,summary",https://ncommercial.vercel.app/store/moen-kitchen-faucet
qa_077,Paint,Pintura,What is BEHR Premium Plus Interior Paint 1 Gal?,"BEHR Premium Plus Interior Paint 1 Gal is a BEHR product in the Paint category. Low VOC, eggshell finish. Excellent coverage and durability. Available in thousands of colors.",¿Qué es BEHR Premium Plus Interior Paint 1 Gal?,BEHR Premium Plus Interior Paint 1 Gal es un producto de BEHR en la categoría Pintura. Pintura interior acrílica 100% con bajo VOC y acabado eggshell. Disponible en miles de colores. Excelente cobertura y durabilidad.,"EN: What is BEHR Premium Plus Interior Paint 1 Gal?
ES: ¿Qué es BEHR Premium Plus Interior Paint 1 Gal?","EN: BEHR Premium Plus Interior Paint 1 Gal is a BEHR product in the Paint category. Low VOC, eggshell finish. Excellent coverage and durability. Available in thousands of colors.
ES: BEHR Premium Plus Interior Paint 1 Gal es un producto de BEHR en la categoría Pintura. Pintura interior acrílica 100% con bajo VOC y acabado eggshell. Disponible en miles de colores. Excelente cobertura y durabilidad.","BEHR,BH-PP-INT-1G",https://ncommercial.vercel.app/store/behr-interior-paint
qa_078,Paint,Pintura,How much does BEHR Premium Plus Interior Paint 1 Gal cost?,BEHR Premium Plus Interior Paint 1 Gal costs $32.98.,¿Cuánto cuesta BEHR Premium Plus Interior Paint 1 Gal?,BEHR Premium Plus Interior Paint 1 Gal cuesta $32.98..,"EN: How much does BEHR Premium Plus Interior Paint 1 Gal cost?
ES: ¿Cuánto cuesta BEHR Premium Plus Interior Paint 1 Gal?","EN: BEHR Premium Plus Interior Paint 1 Gal costs $32.98.
ES: BEHR Premium Plus Interior Paint 1 Gal cuesta $32.98..","price,cost",https://ncommercial.vercel.app/store/behr-interior-paint
qa_079,Paint,Pintura,What is the SKU or item number for BEHR Premium Plus Interior Paint 1 Gal?,The SKU/item number for BEHR Premium Plus Interior Paint 1 Gal is BH-PP-INT-1G.,¿Qué es the SKU or item number for BEHR Premium Plus Interior Paint 1 Gal?,the SKU or item number for BEHR Premium Plus Interior Paint 1 Gal es un producto de  en la categoría Pintura. ,"EN: What is the SKU or item number for BEHR Premium Plus Interior Paint 1 Gal?
ES: ¿Qué es the SKU or item number for BEHR Premium Plus Interior Paint 1 Gal?","EN: The SKU/item number for BEHR Premium Plus Interior Paint 1 Gal is BH-PP-INT-1G.
ES: the SKU or item number for BEHR Premium Plus Interior Paint 1 Gal es un producto de  en la categoría Pintura. ","sku,item number",https://ncommercial.vercel.app/store/behr-interior-paint
qa_080,Paint,Pintura,What is the UPC for BEHR Premium Plus Interior Paint 1 Gal?,The UPC for BEHR Premium Plus Interior Paint 1 Gal is 082474200056.,¿Qué es the UPC for BEHR Premium Plus Interior Paint 1 Gal?,the UPC for BEHR Premium Plus Interior Paint 1 Gal es un producto de  en la categoría Pintura. ,"EN: What is the UPC for BEHR Premium Plus Interior Paint 1 Gal?
ES: ¿Qué es the UPC for BEHR Premium Plus Interior Paint 1 Gal?","EN: The UPC for BEHR Premium Plus Interior Paint 1 Gal is 082474200056.
ES: the UPC for BEHR Premium Plus Interior Paint 1 Gal es un producto de  en la categoría Pintura. ","UPC,barcode",https://ncommercial.vercel.app/store/behr-interior-paint
qa_081,Paint,Pintura,What brand makes BEHR Premium Plus Interior Paint 1 Gal?,BEHR Premium Plus Interior Paint 1 Gal is made by BEHR.,¿Qué marca fabrica BEHR Premium Plus Interior Paint 1 Gal?,BEHR Premium Plus Interior Paint 1 Gal es fabricado por BEHR.,"EN: What brand makes BEHR Premium Plus Interior Paint 1 Gal?
ES: ¿Qué marca fabrica BEHR Premium Plus Interior Paint 1 Gal?","EN: BEHR Premium Plus Interior Paint 1 Gal is made by BEHR.
ES: BEHR Premium Plus Interior Paint 1 Gal es fabricado por BEHR.",brand,https://ncommercial.vercel.app/store/behr-interior-paint
qa_082,Paint,Pintura,How many BEHR Premium Plus Interior Paint 1 Gal are in stock?,The site lists 156 units of BEHR Premium Plus Interior Paint 1 Gal in stock.,¿Cuántas unidades de BEHR Premium Plus Interior Paint 1 Gal hay en inventario?,El sitio lista 156 unidades de BEHR Premium Plus Interior Paint 1 Gal en inventario.,"EN: How many BEHR Premium Plus Interior Paint 1 Gal are in stock?
ES: ¿Cuántas unidades de BEHR Premium Plus Interior Paint 1 Gal hay en inventario?","EN: The site lists 156 units of BEHR Premium Plus Interior Paint 1 Gal in stock.
ES: El sitio lista 156 unidades de BEHR Premium Plus Interior Paint 1 Gal en inventario.","stock,inventory",https://ncommercial.vercel.app/store/behr-interior-paint
qa_083,Paint,Pintura,What is the rating for BEHR Premium Plus Interior Paint 1 Gal?,"BEHR Premium Plus Interior Paint 1 Gal is rated 4.7 based on 2,103 reviews.",¿Qué es the rating for BEHR Premium Plus Interior Paint 1 Gal?,the rating for BEHR Premium Plus Interior Paint 1 Gal es un producto de  en la categoría Pintura. ,"EN: What is the rating for BEHR Premium Plus Interior Paint 1 Gal?
ES: ¿Qué es the rating for BEHR Premium Plus Interior Paint 1 Gal?","EN: BEHR Premium Plus Interior Paint 1 Gal is rated 4.7 based on 2,103 reviews.
ES: the rating for BEHR Premium Plus Interior Paint 1 Gal es un producto de  en la categoría Pintura. ","rating,reviews",https://ncommercial.vercel.app/store/behr-interior-paint
qa_084,Paint,Pintura,Can I pick up BEHR Premium Plus Interior Paint 1 Gal in store?,Yes. The product page says pickup is available in 1 hour at the Naguabo store for BEHR Premium Plus Interior Paint 1 Gal.,¿Puedo recoger BEHR Premium Plus Interior Paint 1 Gal en la tienda?,Sí. La página del producto indica que el recogido está disponible en 1 hora en la tienda de Naguabo para BEHR Premium Plus Interior Paint 1 Gal.,"EN: Can I pick up BEHR Premium Plus Interior Paint 1 Gal in store?
ES: ¿Puedo recoger BEHR Premium Plus Interior Paint 1 Gal en la tienda?","EN: Yes. The product page says pickup is available in 1 hour at the Naguabo store for BEHR Premium Plus Interior Paint 1 Gal.
ES: Sí. La página del producto indica que el recogido está disponible en 1 hora en la tienda de Naguabo para BEHR Premium Plus Interior Paint 1 Gal.",pickup,https://ncommercial.vercel.app/store/behr-interior-paint
qa_085,Paint,Pintura,Does BEHR Premium Plus Interior Paint 1 Gal ship?,Yes. The product page says BEHR Premium Plus Interior Paint 1 Gal ships in 1-2 days.,¿BEHR Premium Plus Interior Paint 1 Gal tiene envío?,Sí. La página del producto indica que BEHR Premium Plus Interior Paint 1 Gal se envía en 1 a 2 días.,"EN: Does BEHR Premium Plus Interior Paint 1 Gal ship?
ES: ¿BEHR Premium Plus Interior Paint 1 Gal tiene envío?","EN: Yes. The product page says BEHR Premium Plus Interior Paint 1 Gal ships in 1-2 days.
ES: Sí. La página del producto indica que BEHR Premium Plus Interior Paint 1 Gal se envía en 1 a 2 días.",shipping,https://ncommercial.vercel.app/store/behr-interior-paint
qa_086,Paint,Pintura,Does BEHR Premium Plus Interior Paint 1 Gal qualify for free shipping?,The product page says shipping is free for orders over $99. BEHR Premium Plus Interior Paint 1 Gal is listed with that shipping note.,¿BEHR Premium Plus Interior Paint 1 Gal tiene envío?,Sí. La página del producto indica que BEHR Premium Plus Interior Paint 1 Gal se envía en 1 a 2 días.,"EN: Does BEHR Premium Plus Interior Paint 1 Gal qualify for free shipping?
ES: ¿BEHR Premium Plus Interior Paint 1 Gal tiene envío?","EN: The product page says shipping is free for orders over $99. BEHR Premium Plus Interior Paint 1 Gal is listed with that shipping note.
ES: Sí. La página del producto indica que BEHR Premium Plus Interior Paint 1 Gal se envía en 1 a 2 días.","shipping,free over 99",https://ncommercial.vercel.app/store/behr-interior-paint
qa_087,Paint,Pintura,What category is BEHR Premium Plus Interior Paint 1 Gal in?,BEHR Premium Plus Interior Paint 1 Gal is in the Paint category.,¿En qué categoría está BEHR Premium Plus Interior Paint 1 Gal?,BEHR Premium Plus Interior Paint 1 Gal está en la categoría Pintura.,"EN: What category is BEHR Premium Plus Interior Paint 1 Gal in?
ES: ¿En qué categoría está BEHR Premium Plus Interior Paint 1 Gal?","EN: BEHR Premium Plus Interior Paint 1 Gal is in the Paint category.
ES: BEHR Premium Plus Interior Paint 1 Gal está en la categoría Pintura.",category,https://ncommercial.vercel.app/store/behr-interior-paint
qa_088,Paint,Pintura,Is BEHR Premium Plus Interior Paint 1 Gal available at the Naguabo store?,Yes. The product page lists BEHR Premium Plus Interior Paint 1 Gal at the Naguabo store with 156 in stock.,¿BEHR Premium Plus Interior Paint 1 Gal está disponible en la tienda de Naguabo?,Sí. La página del producto lista BEHR Premium Plus Interior Paint 1 Gal en la tienda de Naguabo con 156 unidades en inventario.,"EN: Is BEHR Premium Plus Interior Paint 1 Gal available at the Naguabo store?
ES: ¿BEHR Premium Plus Interior Paint 1 Gal está disponible en la tienda de Naguabo?","EN: Yes. The product page lists BEHR Premium Plus Interior Paint 1 Gal at the Naguabo store with 156 in stock.
ES: Sí. La página del producto lista BEHR Premium Plus Interior Paint 1 Gal en la tienda de Naguabo con 156 unidades en inventario.","availability,Naguabo store",https://ncommercial.vercel.app/store/behr-interior-paint
qa_089,Paint,Pintura,Can I buy BEHR Premium Plus Interior Paint 1 Gal online?,Yes. The product page includes Add to cart and Buy now options for BEHR Premium Plus Interior Paint 1 Gal.,¿Puedo comprar BEHR Premium Plus Interior Paint 1 Gal online?,Sí. La página del producto incluye opciones de Add to cart y Buy now para BEHR Premium Plus Interior Paint 1 Gal.,"EN: Can I buy BEHR Premium Plus Interior Paint 1 Gal online?
ES: ¿Puedo comprar BEHR Premium Plus Interior Paint 1 Gal online?","EN: Yes. The product page includes Add to cart and Buy now options for BEHR Premium Plus Interior Paint 1 Gal.
ES: Sí. La página del producto incluye opciones de Add to cart y Buy now para BEHR Premium Plus Interior Paint 1 Gal.","online order,buy now",https://ncommercial.vercel.app/store/behr-interior-paint
qa_090,Paint,Pintura,What are the main features of BEHR Premium Plus Interior Paint 1 Gal?,"Main details for BEHR Premium Plus Interior Paint 1 Gal: Low VOC, eggshell finish. Excellent coverage and durability. Available in thousands of colors.",¿Cuáles son las características principales de BEHR Premium Plus Interior Paint 1 Gal?,Detalles principales de BEHR Premium Plus Interior Paint 1 Gal: Pintura interior acrílica 100% con bajo VOC y acabado eggshell. Disponible en miles de colores. Excelente cobertura y durabilidad.,"EN: What are the main features of BEHR Premium Plus Interior Paint 1 Gal?
ES: ¿Cuáles son las características principales de BEHR Premium Plus Interior Paint 1 Gal?","EN: Main details for BEHR Premium Plus Interior Paint 1 Gal: Low VOC, eggshell finish. Excellent coverage and durability. Available in thousands of colors.
ES: Detalles principales de BEHR Premium Plus Interior Paint 1 Gal: Pintura interior acrílica 100% con bajo VOC y acabado eggshell. Disponible en miles de colores. Excelente cobertura y durabilidad.","features,description",https://ncommercial.vercel.app/store/behr-interior-paint
qa_091,Paint,Pintura,Is BEHR Premium Plus Interior Paint 1 Gal a good option for its department?,"Based on the site listing, BEHR Premium Plus Interior Paint 1 Gal is a featured Paint product with a 4.7 rating and 2,103 reviews.",¿BEHR Premium Plus Interior Paint 1 Gal es una buena opción para su departamento?,"Según el listado del sitio, BEHR Premium Plus Interior Paint 1 Gal es un producto destacado de Pintura con una calificación de  y  reseñas.","EN: Is BEHR Premium Plus Interior Paint 1 Gal a good option for its department?
ES: ¿BEHR Premium Plus Interior Paint 1 Gal es una buena opción para su departamento?","EN: Based on the site listing, BEHR Premium Plus Interior Paint 1 Gal is a featured Paint product with a 4.7 rating and 2,103 reviews.
ES: Según el listado del sitio, BEHR Premium Plus Interior Paint 1 Gal es un producto destacado de Pintura con una calificación de  y  reseñas.","recommendation,featured",https://ncommercial.vercel.app/store/behr-interior-paint
qa_092,Paint,Pintura,Do you have BEHR BH-PP-INT-1G?,Yes. BH-PP-INT-1G is BEHR Premium Plus Interior Paint 1 Gal by BEHR. The listed price is $32.98 and stock is 156 units.,¿Tienen BEHR BH-PP-INT-1G?,Sí. BH-PP-INT-1G corresponde a BEHR Premium Plus Interior Paint 1 Gal de BEHR. El precio listado es $32.98 y el inventario es de 156 unidades.,"EN: Do you have BEHR BH-PP-INT-1G?
ES: ¿Tienen BEHR BH-PP-INT-1G?","EN: Yes. BH-PP-INT-1G is BEHR Premium Plus Interior Paint 1 Gal by BEHR. The listed price is $32.98 and stock is 156 units.
ES: Sí. BH-PP-INT-1G corresponde a BEHR Premium Plus Interior Paint 1 Gal de BEHR. El precio listado es $32.98 y el inventario es de 156 unidades.","BEHR,BH-PP-INT-1G,lookup",https://ncommercial.vercel.app/store/behr-interior-paint
qa_093,Paint,Pintura,What should I know before ordering BEHR Premium Plus Interior Paint 1 Gal?,"Before ordering BEHR Premium Plus Interior Paint 1 Gal, note the price is $32.98, SKU is BH-PP-INT-1G, stock is 156, shipping is listed as 1-2 days, and pickup is listed as 1 hour at the Naguabo store.",¿Qué debo saber antes de ordenar BEHR Premium Plus Interior Paint 1 Gal?,"Antes de ordenar BEHR Premium Plus Interior Paint 1 Gal, toma en cuenta que el precio es $32.98,, el SKU es BH-PP-INT-1G, el inventario es 156, el envío aparece como 1 a 2 días y el recogido aparece como 1 hora en la tienda de Naguabo.","EN: What should I know before ordering BEHR Premium Plus Interior Paint 1 Gal?
ES: ¿Qué debo saber antes de ordenar BEHR Premium Plus Interior Paint 1 Gal?","EN: Before ordering BEHR Premium Plus Interior Paint 1 Gal, note the price is $32.98, SKU is BH-PP-INT-1G, stock is 156, shipping is listed as 1-2 days, and pickup is listed as 1 hour at the Naguabo store.
ES: Antes de ordenar BEHR Premium Plus Interior Paint 1 Gal, toma en cuenta que el precio es $32.98,, el SKU es BH-PP-INT-1G, el inventario es 156, el envío aparece como 1 a 2 días y el recogido aparece como 1 hora en la tienda de Naguabo.","ordering,summary",https://ncommercial.vercel.app/store/behr-interior-paint
qa_094,Electrical / Lighting,Eléctrico / Iluminación,What is LED 60W Equivalent Daylight Bulb 4-Pack?,"LED 60W Equivalent Daylight Bulb 4-Pack is a EcoSmart product in the Electrical / Lighting category. Energy-saving LED bulb. 800 lumens. 5000K daylight. Lasts up to 15,000 hours.",¿Qué es LED 60W Equivalent Daylight Bulb 4-Pack?,"LED 60W Equivalent Daylight Bulb 4-Pack es un producto de EcoSmart en la categoría Eléctrico / Iluminación. Bombillas LED de bajo consumo que reemplazan bombillas incandescentes de 60W. Luz daylight de 5000K, 800 lúmenes y vida útil de hasta 15,000 horas.","EN: What is LED 60W Equivalent Daylight Bulb 4-Pack?
ES: ¿Qué es LED 60W Equivalent Daylight Bulb 4-Pack?","EN: LED 60W Equivalent Daylight Bulb 4-Pack is a EcoSmart product in the Electrical / Lighting category. Energy-saving LED bulb. 800 lumens. 5000K daylight. Lasts up to 15,000 hours.
ES: LED 60W Equivalent Daylight Bulb 4-Pack es un producto de EcoSmart en la categoría Eléctrico / Iluminación. Bombillas LED de bajo consumo que reemplazan bombillas incandescentes de 60W. Luz daylight de 5000K, 800 lúmenes y vida útil de hasta 15,000 horas.","EcoSmart,LED-60W-4PK",https://ncommercial.vercel.app/store/led-60w-bulb-4pack
qa_095,Electrical / Lighting,Eléctrico / Iluminación,How much does LED 60W Equivalent Daylight Bulb 4-Pack cost?,LED 60W Equivalent Daylight Bulb 4-Pack costs $9.97.,¿Cuánto cuesta LED 60W Equivalent Daylight Bulb 4-Pack?,LED 60W Equivalent Daylight Bulb 4-Pack cuesta $9.97..,"EN: How much does LED 60W Equivalent Daylight Bulb 4-Pack cost?
ES: ¿Cuánto cuesta LED 60W Equivalent Daylight Bulb 4-Pack?","EN: LED 60W Equivalent Daylight Bulb 4-Pack costs $9.97.
ES: LED 60W Equivalent Daylight Bulb 4-Pack cuesta $9.97..","price,cost",https://ncommercial.vercel.app/store/led-60w-bulb-4pack
qa_096,Electrical / Lighting,Eléctrico / Iluminación,What is the SKU or item number for LED 60W Equivalent Daylight Bulb 4-Pack?,The SKU/item number for LED 60W Equivalent Daylight Bulb 4-Pack is LED-60W-4PK.,¿Qué es the SKU or item number for LED 60W Equivalent Daylight Bulb 4-Pack?,the SKU or item number for LED 60W Equivalent Daylight Bulb 4-Pack es un producto de  en la categoría Eléctrico / Iluminación. ,"EN: What is the SKU or item number for LED 60W Equivalent Daylight Bulb 4-Pack?
ES: ¿Qué es the SKU or item number for LED 60W Equivalent Daylight Bulb 4-Pack?","EN: The SKU/item number for LED 60W Equivalent Daylight Bulb 4-Pack is LED-60W-4PK.
ES: the SKU or item number for LED 60W Equivalent Daylight Bulb 4-Pack es un producto de  en la categoría Eléctrico / Iluminación. ","sku,item number",https://ncommercial.vercel.app/store/led-60w-bulb-4pack
qa_097,Electrical / Lighting,Eléctrico / Iluminación,What is the UPC for LED 60W Equivalent Daylight Bulb 4-Pack?,The UPC for LED 60W Equivalent Daylight Bulb 4-Pack is 046135710179.,¿Qué es the UPC for LED 60W Equivalent Daylight Bulb 4-Pack?,the UPC for LED 60W Equivalent Daylight Bulb 4-Pack es un producto de  en la categoría Eléctrico / Iluminación. ,"EN: What is the UPC for LED 60W Equivalent Daylight Bulb 4-Pack?
ES: ¿Qué es the UPC for LED 60W Equivalent Daylight Bulb 4-Pack?","EN: The UPC for LED 60W Equivalent Daylight Bulb 4-Pack is 046135710179.
ES: the UPC for LED 60W Equivalent Daylight Bulb 4-Pack es un producto de  en la categoría Eléctrico / Iluminación. ","UPC,barcode",https://ncommercial.vercel.app/store/led-60w-bulb-4pack
qa_098,Electrical / Lighting,Eléctrico / Iluminación,What brand makes LED 60W Equivalent Daylight Bulb 4-Pack?,LED 60W Equivalent Daylight Bulb 4-Pack is made by EcoSmart.,¿Qué marca fabrica LED 60W Equivalent Daylight Bulb 4-Pack?,LED 60W Equivalent Daylight Bulb 4-Pack es fabricado por EcoSmart.,"EN: What brand makes LED 60W Equivalent Daylight Bulb 4-Pack?
ES: ¿Qué marca fabrica LED 60W Equivalent Daylight Bulb 4-Pack?","EN: LED 60W Equivalent Daylight Bulb 4-Pack is made by EcoSmart.
ES: LED 60W Equivalent Daylight Bulb 4-Pack es fabricado por EcoSmart.",brand,https://ncommercial.vercel.app/store/led-60w-bulb-4pack
qa_099,Electrical / Lighting,Eléctrico / Iluminación,How many LED 60W Equivalent Daylight Bulb 4-Pack are in stock?,The site lists 234 units of LED 60W Equivalent Daylight Bulb 4-Pack in stock.,¿Cuántas unidades de LED 60W Equivalent Daylight Bulb 4-Pack hay en inventario?,El sitio lista 234 unidades de LED 60W Equivalent Daylight Bulb 4-Pack en inventario.,"EN: How many LED 60W Equivalent Daylight Bulb 4-Pack are in stock?
ES: ¿Cuántas unidades de LED 60W Equivalent Daylight Bulb 4-Pack hay en inventario?","EN: The site lists 234 units of LED 60W Equivalent Daylight Bulb 4-Pack in stock.
ES: El sitio lista 234 unidades de LED 60W Equivalent Daylight Bulb 4-Pack en inventario.","stock,inventory",https://ncommercial.vercel.app/store/led-60w-bulb-4pack
qa_100,Electrical / Lighting,Eléctrico / Iluminación,What is the rating for LED 60W Equivalent Daylight Bulb 4-Pack?,"LED 60W Equivalent Daylight Bulb 4-Pack is rated 4.6 based on 4,521 reviews.",¿Qué es the rating for LED 60W Equivalent Daylight Bulb 4-Pack?,the rating for LED 60W Equivalent Daylight Bulb 4-Pack es un producto de  en la categoría Eléctrico / Iluminación. ,"EN: What is the rating for LED 60W Equivalent Daylight Bulb 4-Pack?
ES: ¿Qué es the rating for LED 60W Equivalent Daylight Bulb 4-Pack?","EN: LED 60W Equivalent Daylight Bulb 4-Pack is rated 4.6 based on 4,521 reviews.
ES: the rating for LED 60W Equivalent Daylight Bulb 4-Pack es un producto de  en la categoría Eléctrico / Iluminación. ","rating,reviews",https://ncommercial.vercel.app/store/led-60w-bulb-4pack
qa_101,Electrical / Lighting,Eléctrico / Iluminación,Can I pick up LED 60W Equivalent Daylight Bulb 4-Pack in store?,Yes. The product page says pickup is available in 1 hour at the Naguabo store for LED 60W Equivalent Daylight Bulb 4-Pack.,¿Puedo recoger LED 60W Equivalent Daylight Bulb 4-Pack en la tienda?,Sí. La página del producto indica que el recogido está disponible en 1 hora en la tienda de Naguabo para LED 60W Equivalent Daylight Bulb 4-Pack.,"EN: Can I pick up LED 60W Equivalent Daylight Bulb 4-Pack in store?
ES: ¿Puedo recoger LED 60W Equivalent Daylight Bulb 4-Pack en la tienda?","EN: Yes. The product page says pickup is available in 1 hour at the Naguabo store for LED 60W Equivalent Daylight Bulb 4-Pack.
ES: Sí. La página del producto indica que el recogido está disponible en 1 hora en la tienda de Naguabo para LED 60W Equivalent Daylight Bulb 4-Pack.",pickup,https://ncommercial.vercel.app/store/led-60w-bulb-4pack
qa_102,Electrical / Lighting,Eléctrico / Iluminación,Does LED 60W Equivalent Daylight Bulb 4-Pack ship?,Yes. The product page says LED 60W Equivalent Daylight Bulb 4-Pack ships in 1-2 days.,¿LED 60W Equivalent Daylight Bulb 4-Pack tiene envío?,Sí. La página del producto indica que LED 60W Equivalent Daylight Bulb 4-Pack se envía en 1 a 2 días.,"EN: Does LED 60W Equivalent Daylight Bulb 4-Pack ship?
ES: ¿LED 60W Equivalent Daylight Bulb 4-Pack tiene envío?","EN: Yes. The product page says LED 60W Equivalent Daylight Bulb 4-Pack ships in 1-2 days.
ES: Sí. La página del producto indica que LED 60W Equivalent Daylight Bulb 4-Pack se envía en 1 a 2 días.",shipping,https://ncommercial.vercel.app/store/led-60w-bulb-4pack
qa_103,Electrical / Lighting,Eléctrico / Iluminación,Does LED 60W Equivalent Daylight Bulb 4-Pack qualify for free shipping?,The product page says shipping is free for orders over $99. LED 60W Equivalent Daylight Bulb 4-Pack is listed with that shipping note.,¿LED 60W Equivalent Daylight Bulb 4-Pack tiene envío?,Sí. La página del producto indica que LED 60W Equivalent Daylight Bulb 4-Pack se envía en 1 a 2 días.,"EN: Does LED 60W Equivalent Daylight Bulb 4-Pack qualify for free shipping?
ES: ¿LED 60W Equivalent Daylight Bulb 4-Pack tiene envío?","EN: The product page says shipping is free for orders over $99. LED 60W Equivalent Daylight Bulb 4-Pack is listed with that shipping note.
ES: Sí. La página del producto indica que LED 60W Equivalent Daylight Bulb 4-Pack se envía en 1 a 2 días.","shipping,free over 99",https://ncommercial.vercel.app/store/led-60w-bulb-4pack
qa_104,Electrical / Lighting,Eléctrico / Iluminación,What category is LED 60W Equivalent Daylight Bulb 4-Pack in?,LED 60W Equivalent Daylight Bulb 4-Pack is in the Electrical / Lighting category.,¿En qué categoría está LED 60W Equivalent Daylight Bulb 4-Pack?,LED 60W Equivalent Daylight Bulb 4-Pack está en la categoría Eléctrico / Iluminación.,"EN: What category is LED 60W Equivalent Daylight Bulb 4-Pack in?
ES: ¿En qué categoría está LED 60W Equivalent Daylight Bulb 4-Pack?","EN: LED 60W Equivalent Daylight Bulb 4-Pack is in the Electrical / Lighting category.
ES: LED 60W Equivalent Daylight Bulb 4-Pack está en la categoría Eléctrico / Iluminación.",category,https://ncommercial.vercel.app/store/led-60w-bulb-4pack
qa_105,Electrical / Lighting,Eléctrico / Iluminación,Is LED 60W Equivalent Daylight Bulb 4-Pack available at the Naguabo store?,Yes. The product page lists LED 60W Equivalent Daylight Bulb 4-Pack at the Naguabo store with 234 in stock.,¿LED 60W Equivalent Daylight Bulb 4-Pack está disponible en la tienda de Naguabo?,Sí. La página del producto lista LED 60W Equivalent Daylight Bulb 4-Pack en la tienda de Naguabo con 234 unidades en inventario.,"EN: Is LED 60W Equivalent Daylight Bulb 4-Pack available at the Naguabo store?
ES: ¿LED 60W Equivalent Daylight Bulb 4-Pack está disponible en la tienda de Naguabo?","EN: Yes. The product page lists LED 60W Equivalent Daylight Bulb 4-Pack at the Naguabo store with 234 in stock.
ES: Sí. La página del producto lista LED 60W Equivalent Daylight Bulb 4-Pack en la tienda de Naguabo con 234 unidades en inventario.","availability,Naguabo store",https://ncommercial.vercel.app/store/led-60w-bulb-4pack
qa_106,Electrical / Lighting,Eléctrico / Iluminación,Can I buy LED 60W Equivalent Daylight Bulb 4-Pack online?,Yes. The product page includes Add to cart and Buy now options for LED 60W Equivalent Daylight Bulb 4-Pack.,¿Puedo comprar LED 60W Equivalent Daylight Bulb 4-Pack online?,Sí. La página del producto incluye opciones de Add to cart y Buy now para LED 60W Equivalent Daylight Bulb 4-Pack.,"EN: Can I buy LED 60W Equivalent Daylight Bulb 4-Pack online?
ES: ¿Puedo comprar LED 60W Equivalent Daylight Bulb 4-Pack online?","EN: Yes. The product page includes Add to cart and Buy now options for LED 60W Equivalent Daylight Bulb 4-Pack.
ES: Sí. La página del producto incluye opciones de Add to cart y Buy now para LED 60W Equivalent Daylight Bulb 4-Pack.","online order,buy now",https://ncommercial.vercel.app/store/led-60w-bulb-4pack
qa_107,Electrical / Lighting,Eléctrico / Iluminación,What are the main features of LED 60W Equivalent Daylight Bulb 4-Pack?,"Main details for LED 60W Equivalent Daylight Bulb 4-Pack: Energy-saving LED bulb. 800 lumens. 5000K daylight. Lasts up to 15,000 hours.",¿Cuáles son las características principales de LED 60W Equivalent Daylight Bulb 4-Pack?,"Detalles principales de LED 60W Equivalent Daylight Bulb 4-Pack: Bombillas LED de bajo consumo que reemplazan bombillas incandescentes de 60W. Luz daylight de 5000K, 800 lúmenes y vida útil de hasta 15,000 horas.","EN: What are the main features of LED 60W Equivalent Daylight Bulb 4-Pack?
ES: ¿Cuáles son las características principales de LED 60W Equivalent Daylight Bulb 4-Pack?","EN: Main details for LED 60W Equivalent Daylight Bulb 4-Pack: Energy-saving LED bulb. 800 lumens. 5000K daylight. Lasts up to 15,000 hours.
ES: Detalles principales de LED 60W Equivalent Daylight Bulb 4-Pack: Bombillas LED de bajo consumo que reemplazan bombillas incandescentes de 60W. Luz daylight de 5000K, 800 lúmenes y vida útil de hasta 15,000 horas.","features,description",https://ncommercial.vercel.app/store/led-60w-bulb-4pack
qa_108,Electrical / Lighting,Eléctrico / Iluminación,Is LED 60W Equivalent Daylight Bulb 4-Pack a good option for its department?,"Based on the site listing, LED 60W Equivalent Daylight Bulb 4-Pack is a featured Electrical / Lighting product with a 4.6 rating and 4,521 reviews.",¿LED 60W Equivalent Daylight Bulb 4-Pack es una buena opción para su departamento?,"Según el listado del sitio, LED 60W Equivalent Daylight Bulb 4-Pack es un producto destacado de Eléctrico / Iluminación con una calificación de  y  reseñas.","EN: Is LED 60W Equivalent Daylight Bulb 4-Pack a good option for its department?
ES: ¿LED 60W Equivalent Daylight Bulb 4-Pack es una buena opción para su departamento?","EN: Based on the site listing, LED 60W Equivalent Daylight Bulb 4-Pack is a featured Electrical / Lighting product with a 4.6 rating and 4,521 reviews.
ES: Según el listado del sitio, LED 60W Equivalent Daylight Bulb 4-Pack es un producto destacado de Eléctrico / Iluminación con una calificación de  y  reseñas.","recommendation,featured",https://ncommercial.vercel.app/store/led-60w-bulb-4pack
qa_109,Electrical / Lighting,Eléctrico / Iluminación,Do you have EcoSmart LED-60W-4PK?,Yes. LED-60W-4PK is LED 60W Equivalent Daylight Bulb 4-Pack by EcoSmart. The listed price is $9.97 and stock is 234 units.,¿Tienen EcoSmart LED-60W-4PK?,Sí. LED-60W-4PK corresponde a LED 60W Equivalent Daylight Bulb 4-Pack de EcoSmart. El precio listado es $9.97 y el inventario es de 234 unidades.,"EN: Do you have EcoSmart LED-60W-4PK?
ES: ¿Tienen EcoSmart LED-60W-4PK?","EN: Yes. LED-60W-4PK is LED 60W Equivalent Daylight Bulb 4-Pack by EcoSmart. The listed price is $9.97 and stock is 234 units.
ES: Sí. LED-60W-4PK corresponde a LED 60W Equivalent Daylight Bulb 4-Pack de EcoSmart. El precio listado es $9.97 y el inventario es de 234 unidades.","EcoSmart,LED-60W-4PK,lookup",https://ncommercial.vercel.app/store/led-60w-bulb-4pack
qa_110,Electrical / Lighting,Eléctrico / Iluminación,What should I know before ordering LED 60W Equivalent Daylight Bulb 4-Pack?,"Before ordering LED 60W Equivalent Daylight Bulb 4-Pack, note the price is $9.97, SKU is LED-60W-4PK, stock is 234, shipping is listed as 1-2 days, and pickup is listed as 1 hour at the Naguabo store.",¿Qué debo saber antes de ordenar LED 60W Equivalent Daylight Bulb 4-Pack?,"Antes de ordenar LED 60W Equivalent Daylight Bulb 4-Pack, toma en cuenta que el precio es $9.97,, el SKU es LED-60W-4PK, el inventario es 234, el envío aparece como 1 a 2 días y el recogido aparece como 1 hora en la tienda de Naguabo.","EN: What should I know before ordering LED 60W Equivalent Daylight Bulb 4-Pack?
ES: ¿Qué debo saber antes de ordenar LED 60W Equivalent Daylight Bulb 4-Pack?","EN: Before ordering LED 60W Equivalent Daylight Bulb 4-Pack, note the price is $9.97, SKU is LED-60W-4PK, stock is 234, shipping is listed as 1-2 days, and pickup is listed as 1 hour at the Naguabo store.
ES: Antes de ordenar LED 60W Equivalent Daylight Bulb 4-Pack, toma en cuenta que el precio es $9.97,, el SKU es LED-60W-4PK, el inventario es 234, el envío aparece como 1 a 2 días y el recogido aparece como 1 hora en la tienda de Naguabo.","ordering,summary",https://ncommercial.vercel.app/store/led-60w-bulb-4pack
qa_111,Garden,Jardín,What is Heavy Duty Wheelbarrow 6 cu ft?,"Heavy Duty Wheelbarrow 6 cu ft is a True Temper product in the Garden category. Steel tray, hardwood handles. Pneumatic tire. Great for gardening and construction.",¿Qué es Heavy Duty Wheelbarrow 6 cu ft?,"Heavy Duty Wheelbarrow 6 cu ft es un producto de True Temper en la categoría Jardín. Bandeja de acero, mangos de madera dura y goma neumática. Excelente para jardinería y construcción.","EN: What is Heavy Duty Wheelbarrow 6 cu ft?
ES: ¿Qué es Heavy Duty Wheelbarrow 6 cu ft?","EN: Heavy Duty Wheelbarrow 6 cu ft is a True Temper product in the Garden category. Steel tray, hardwood handles. Pneumatic tire. Great for gardening and construction.
ES: Heavy Duty Wheelbarrow 6 cu ft es un producto de True Temper en la categoría Jardín. Bandeja de acero, mangos de madera dura y goma neumática. Excelente para jardinería y construcción.","True Temper,WB-6CF-HD",https://ncommercial.vercel.app/store/wheelbarrow-6cuft
qa_112,Garden,Jardín,How much does Heavy Duty Wheelbarrow 6 cu ft cost?,Heavy Duty Wheelbarrow 6 cu ft costs $89.00. It is on sale from $119.00 with a 25% savings.,¿Cuánto cuesta Heavy Duty Wheelbarrow 6 cu ft?,Heavy Duty Wheelbarrow 6 cu ft cuesta $89.00.. Está en oferta desde $119.00 con un ahorro de 25%.,"EN: How much does Heavy Duty Wheelbarrow 6 cu ft cost?
ES: ¿Cuánto cuesta Heavy Duty Wheelbarrow 6 cu ft?","EN: Heavy Duty Wheelbarrow 6 cu ft costs $89.00. It is on sale from $119.00 with a 25% savings.
ES: Heavy Duty Wheelbarrow 6 cu ft cuesta $89.00.. Está en oferta desde $119.00 con un ahorro de 25%.","price,cost",https://ncommercial.vercel.app/store/wheelbarrow-6cuft
qa_113,Garden,Jardín,What is the SKU or item number for Heavy Duty Wheelbarrow 6 cu ft?,The SKU/item number for Heavy Duty Wheelbarrow 6 cu ft is WB-6CF-HD.,¿Qué es the SKU or item number for Heavy Duty Wheelbarrow 6 cu ft?,the SKU or item number for Heavy Duty Wheelbarrow 6 cu ft es un producto de  en la categoría Jardín. ,"EN: What is the SKU or item number for Heavy Duty Wheelbarrow 6 cu ft?
ES: ¿Qué es the SKU or item number for Heavy Duty Wheelbarrow 6 cu ft?","EN: The SKU/item number for Heavy Duty Wheelbarrow 6 cu ft is WB-6CF-HD.
ES: the SKU or item number for Heavy Duty Wheelbarrow 6 cu ft es un producto de  en la categoría Jardín. ","sku,item number",https://ncommercial.vercel.app/store/wheelbarrow-6cuft
qa_114,Garden,Jardín,What is the UPC for Heavy Duty Wheelbarrow 6 cu ft?,The UPC for Heavy Duty Wheelbarrow 6 cu ft is 745035811563.,¿Qué es the UPC for Heavy Duty Wheelbarrow 6 cu ft?,the UPC for Heavy Duty Wheelbarrow 6 cu ft es un producto de  en la categoría Jardín. ,"EN: What is the UPC for Heavy Duty Wheelbarrow 6 cu ft?
ES: ¿Qué es the UPC for Heavy Duty Wheelbarrow 6 cu ft?","EN: The UPC for Heavy Duty Wheelbarrow 6 cu ft is 745035811563.
ES: the UPC for Heavy Duty Wheelbarrow 6 cu ft es un producto de  en la categoría Jardín. ","UPC,barcode",https://ncommercial.vercel.app/store/wheelbarrow-6cuft
qa_115,Garden,Jardín,What brand makes Heavy Duty Wheelbarrow 6 cu ft?,Heavy Duty Wheelbarrow 6 cu ft is made by True Temper.,¿Qué marca fabrica Heavy Duty Wheelbarrow 6 cu ft?,Heavy Duty Wheelbarrow 6 cu ft es fabricado por True Temper.,"EN: What brand makes Heavy Duty Wheelbarrow 6 cu ft?
ES: ¿Qué marca fabrica Heavy Duty Wheelbarrow 6 cu ft?","EN: Heavy Duty Wheelbarrow 6 cu ft is made by True Temper.
ES: Heavy Duty Wheelbarrow 6 cu ft es fabricado por True Temper.",brand,https://ncommercial.vercel.app/store/wheelbarrow-6cuft
qa_116,Garden,Jardín,How many Heavy Duty Wheelbarrow 6 cu ft are in stock?,The site lists 24 units of Heavy Duty Wheelbarrow 6 cu ft in stock.,¿Cuántas unidades de Heavy Duty Wheelbarrow 6 cu ft hay en inventario?,El sitio lista 24 unidades de Heavy Duty Wheelbarrow 6 cu ft en inventario.,"EN: How many Heavy Duty Wheelbarrow 6 cu ft are in stock?
ES: ¿Cuántas unidades de Heavy Duty Wheelbarrow 6 cu ft hay en inventario?","EN: The site lists 24 units of Heavy Duty Wheelbarrow 6 cu ft in stock.
ES: El sitio lista 24 unidades de Heavy Duty Wheelbarrow 6 cu ft en inventario.","stock,inventory",https://ncommercial.vercel.app/store/wheelbarrow-6cuft
qa_117,Garden,Jardín,What is the rating for Heavy Duty Wheelbarrow 6 cu ft?,Heavy Duty Wheelbarrow 6 cu ft is rated 4.5 based on 234 reviews.,¿Qué es the rating for Heavy Duty Wheelbarrow 6 cu ft?,the rating for Heavy Duty Wheelbarrow 6 cu ft es un producto de  en la categoría Jardín. ,"EN: What is the rating for Heavy Duty Wheelbarrow 6 cu ft?
ES: ¿Qué es the rating for Heavy Duty Wheelbarrow 6 cu ft?","EN: Heavy Duty Wheelbarrow 6 cu ft is rated 4.5 based on 234 reviews.
ES: the rating for Heavy Duty Wheelbarrow 6 cu ft es un producto de  en la categoría Jardín. ","rating,reviews",https://ncommercial.vercel.app/store/wheelbarrow-6cuft
qa_118,Garden,Jardín,Can I pick up Heavy Duty Wheelbarrow 6 cu ft in store?,Yes. The product page says pickup is available in 1 hour at the Naguabo store for Heavy Duty Wheelbarrow 6 cu ft.,¿Puedo recoger Heavy Duty Wheelbarrow 6 cu ft en la tienda?,Sí. La página del producto indica que el recogido está disponible en 1 hora en la tienda de Naguabo para Heavy Duty Wheelbarrow 6 cu ft.,"EN: Can I pick up Heavy Duty Wheelbarrow 6 cu ft in store?
ES: ¿Puedo recoger Heavy Duty Wheelbarrow 6 cu ft en la tienda?","EN: Yes. The product page says pickup is available in 1 hour at the Naguabo store for Heavy Duty Wheelbarrow 6 cu ft.
ES: Sí. La página del producto indica que el recogido está disponible en 1 hora en la tienda de Naguabo para Heavy Duty Wheelbarrow 6 cu ft.",pickup,https://ncommercial.vercel.app/store/wheelbarrow-6cuft
qa_119,Garden,Jardín,Does Heavy Duty Wheelbarrow 6 cu ft ship?,Yes. The product page says Heavy Duty Wheelbarrow 6 cu ft ships in 1-2 days.,¿Heavy Duty Wheelbarrow 6 cu ft tiene envío?,Sí. La página del producto indica que Heavy Duty Wheelbarrow 6 cu ft se envía en 1 a 2 días.,"EN: Does Heavy Duty Wheelbarrow 6 cu ft ship?
ES: ¿Heavy Duty Wheelbarrow 6 cu ft tiene envío?","EN: Yes. The product page says Heavy Duty Wheelbarrow 6 cu ft ships in 1-2 days.
ES: Sí. La página del producto indica que Heavy Duty Wheelbarrow 6 cu ft se envía en 1 a 2 días.",shipping,https://ncommercial.vercel.app/store/wheelbarrow-6cuft
qa_120,Garden,Jardín,Does Heavy Duty Wheelbarrow 6 cu ft qualify for free shipping?,The product page says shipping is free for orders over $99. Heavy Duty Wheelbarrow 6 cu ft is listed with that shipping note.,¿Heavy Duty Wheelbarrow 6 cu ft tiene envío?,Sí. La página del producto indica que Heavy Duty Wheelbarrow 6 cu ft se envía en 1 a 2 días.,"EN: Does Heavy Duty Wheelbarrow 6 cu ft qualify for free shipping?
ES: ¿Heavy Duty Wheelbarrow 6 cu ft tiene envío?","EN: The product page says shipping is free for orders over $99. Heavy Duty Wheelbarrow 6 cu ft is listed with that shipping note.
ES: Sí. La página del producto indica que Heavy Duty Wheelbarrow 6 cu ft se envía en 1 a 2 días.","shipping,free over 99",https://ncommercial.vercel.app/store/wheelbarrow-6cuft
qa_121,Garden,Jardín,What category is Heavy Duty Wheelbarrow 6 cu ft in?,Heavy Duty Wheelbarrow 6 cu ft is in the Garden category.,¿En qué categoría está Heavy Duty Wheelbarrow 6 cu ft?,Heavy Duty Wheelbarrow 6 cu ft está en la categoría Jardín.,"EN: What category is Heavy Duty Wheelbarrow 6 cu ft in?
ES: ¿En qué categoría está Heavy Duty Wheelbarrow 6 cu ft?","EN: Heavy Duty Wheelbarrow 6 cu ft is in the Garden category.
ES: Heavy Duty Wheelbarrow 6 cu ft está en la categoría Jardín.",category,https://ncommercial.vercel.app/store/wheelbarrow-6cuft
qa_122,Garden,Jardín,Is Heavy Duty Wheelbarrow 6 cu ft available at the Naguabo store?,Yes. The product page lists Heavy Duty Wheelbarrow 6 cu ft at the Naguabo store with 24 in stock.,¿Heavy Duty Wheelbarrow 6 cu ft está disponible en la tienda de Naguabo?,Sí. La página del producto lista Heavy Duty Wheelbarrow 6 cu ft en la tienda de Naguabo con 24 unidades en inventario.,"EN: Is Heavy Duty Wheelbarrow 6 cu ft available at the Naguabo store?
ES: ¿Heavy Duty Wheelbarrow 6 cu ft está disponible en la tienda de Naguabo?","EN: Yes. The product page lists Heavy Duty Wheelbarrow 6 cu ft at the Naguabo store with 24 in stock.
ES: Sí. La página del producto lista Heavy Duty Wheelbarrow 6 cu ft en la tienda de Naguabo con 24 unidades en inventario.","availability,Naguabo store",https://ncommercial.vercel.app/store/wheelbarrow-6cuft
qa_123,Garden,Jardín,Can I buy Heavy Duty Wheelbarrow 6 cu ft online?,Yes. The product page includes Add to cart and Buy now options for Heavy Duty Wheelbarrow 6 cu ft.,¿Puedo comprar Heavy Duty Wheelbarrow 6 cu ft online?,Sí. La página del producto incluye opciones de Add to cart y Buy now para Heavy Duty Wheelbarrow 6 cu ft.,"EN: Can I buy Heavy Duty Wheelbarrow 6 cu ft online?
ES: ¿Puedo comprar Heavy Duty Wheelbarrow 6 cu ft online?","EN: Yes. The product page includes Add to cart and Buy now options for Heavy Duty Wheelbarrow 6 cu ft.
ES: Sí. La página del producto incluye opciones de Add to cart y Buy now para Heavy Duty Wheelbarrow 6 cu ft.","online order,buy now",https://ncommercial.vercel.app/store/wheelbarrow-6cuft
qa_124,Garden,Jardín,What are the main features of Heavy Duty Wheelbarrow 6 cu ft?,"Main details for Heavy Duty Wheelbarrow 6 cu ft: Steel tray, hardwood handles. Pneumatic tire. Great for gardening and construction.",¿Cuáles son las características principales de Heavy Duty Wheelbarrow 6 cu ft?,"Detalles principales de Heavy Duty Wheelbarrow 6 cu ft: Bandeja de acero, mangos de madera dura y goma neumática. Excelente para jardinería y construcción.","EN: What are the main features of Heavy Duty Wheelbarrow 6 cu ft?
ES: ¿Cuáles son las características principales de Heavy Duty Wheelbarrow 6 cu ft?","EN: Main details for Heavy Duty Wheelbarrow 6 cu ft: Steel tray, hardwood handles. Pneumatic tire. Great for gardening and construction.
ES: Detalles principales de Heavy Duty Wheelbarrow 6 cu ft: Bandeja de acero, mangos de madera dura y goma neumática. Excelente para jardinería y construcción.","features,description",https://ncommercial.vercel.app/store/wheelbarrow-6cuft
qa_125,Garden,Jardín,Is Heavy Duty Wheelbarrow 6 cu ft a good option for its department?,"Based on the site listing, Heavy Duty Wheelbarrow 6 cu ft is a featured Garden product with a 4.5 rating and 234 reviews.",¿Heavy Duty Wheelbarrow 6 cu ft es una buena opción para su departamento?,"Según el listado del sitio, Heavy Duty Wheelbarrow 6 cu ft es un producto destacado de Jardín con una calificación de  y  reseñas.","EN: Is Heavy Duty Wheelbarrow 6 cu ft a good option for its department?
ES: ¿Heavy Duty Wheelbarrow 6 cu ft es una buena opción para su departamento?","EN: Based on the site listing, Heavy Duty Wheelbarrow 6 cu ft is a featured Garden product with a 4.5 rating and 234 reviews.
ES: Según el listado del sitio, Heavy Duty Wheelbarrow 6 cu ft es un producto destacado de Jardín con una calificación de  y  reseñas.","recommendation,featured",https://ncommercial.vercel.app/store/wheelbarrow-6cuft
qa_126,Garden,Jardín,Do you have True Temper WB-6CF-HD?,Yes. WB-6CF-HD is Heavy Duty Wheelbarrow 6 cu ft by True Temper. The listed price is $89.00 and stock is 24 units.,¿Tienen True Temper WB-6CF-HD?,Sí. WB-6CF-HD corresponde a Heavy Duty Wheelbarrow 6 cu ft de True Temper. El precio listado es $89.00 y el inventario es de 24 unidades.,"EN: Do you have True Temper WB-6CF-HD?
ES: ¿Tienen True Temper WB-6CF-HD?","EN: Yes. WB-6CF-HD is Heavy Duty Wheelbarrow 6 cu ft by True Temper. The listed price is $89.00 and stock is 24 units.
ES: Sí. WB-6CF-HD corresponde a Heavy Duty Wheelbarrow 6 cu ft de True Temper. El precio listado es $89.00 y el inventario es de 24 unidades.","True Temper,WB-6CF-HD,lookup",https://ncommercial.vercel.app/store/wheelbarrow-6cuft
qa_127,Garden,Jardín,What should I know before ordering Heavy Duty Wheelbarrow 6 cu ft?,"Before ordering Heavy Duty Wheelbarrow 6 cu ft, note the price is $89.00, SKU is WB-6CF-HD, stock is 24, shipping is listed as 1-2 days, and pickup is listed as 1 hour at the Naguabo store.",¿Qué debo saber antes de ordenar Heavy Duty Wheelbarrow 6 cu ft?,"Antes de ordenar Heavy Duty Wheelbarrow 6 cu ft, toma en cuenta que el precio es $89.00,, el SKU es WB-6CF-HD, el inventario es 24, el envío aparece como 1 a 2 días y el recogido aparece como 1 hora en la tienda de Naguabo.","EN: What should I know before ordering Heavy Duty Wheelbarrow 6 cu ft?
ES: ¿Qué debo saber antes de ordenar Heavy Duty Wheelbarrow 6 cu ft?","EN: Before ordering Heavy Duty Wheelbarrow 6 cu ft, note the price is $89.00, SKU is WB-6CF-HD, stock is 24, shipping is listed as 1-2 days, and pickup is listed as 1 hour at the Naguabo store.
ES: Antes de ordenar Heavy Duty Wheelbarrow 6 cu ft, toma en cuenta que el precio es $89.00,, el SKU es WB-6CF-HD, el inventario es 24, el envío aparece como 1 a 2 días y el recogido aparece como 1 hora en la tienda de Naguabo.","ordering,summary",https://ncommercial.vercel.app/store/wheelbarrow-6cuft
qa_128,Roof Sealing,Sellado de techos,What is Crossco® Water Guard™ 5 Gal?,"Crossco® Water Guard™ 5 Gal is a CROSSCO product in the Roof Sealing category. High-performance 3-in-1 sealant, primer, and paint with strong resistance to alkalinity. Hydrophobic Bio-Pruf Technology waterproofs roofs and walls against water, moisture, and leaks. Stain resistant, energy-saving, and easy to clean. Available in matte or satin finish.",¿Qué es Crossco® Water Guard™ 5 Gal?,"Crossco® Water Guard™ 5 Gal es un producto de CROSSCO en la categoría Sellado de techos. Sellador, primer y pintura 3 en 1 de alto rendimiento con fuerte resistencia al agua empozada. Fórmula de secado rápido con protección impermeable duradera y acabado elastomérico continuo para aplicaciones en techos.","EN: What is Crossco® Water Guard™ 5 Gal?
ES: ¿Qué es Crossco® Water Guard™ 5 Gal?","EN: Crossco® Water Guard™ 5 Gal is a CROSSCO product in the Roof Sealing category. High-performance 3-in-1 sealant, primer, and paint with strong resistance to alkalinity. Hydrophobic Bio-Pruf Technology waterproofs roofs and walls against water, moisture, and leaks. Stain resistant, energy-saving, and easy to clean. Available in matte or satin finish.
ES: Crossco® Water Guard™ 5 Gal es un producto de CROSSCO en la categoría Sellado de techos. Sellador, primer y pintura 3 en 1 de alto rendimiento con fuerte resistencia al agua empozada. Fórmula de secado rápido con protección impermeable duradera y acabado elastomérico continuo para aplicaciones en techos.","CROSSCO,CC-WG-5G",https://ncommercial.vercel.app/store/crossco-water-guard
qa_129,Roof Sealing,Sellado de techos,How much does Crossco® Water Guard™ 5 Gal cost?,Crossco® Water Guard™ 5 Gal costs $59.99. It is on sale from $74.99 with a 20% savings.,¿Cuánto cuesta Crossco® Water Guard™ 5 Gal?,Crossco® Water Guard™ 5 Gal cuesta $59.99.. Está en oferta desde $74.99 con un ahorro de 20%.,"EN: How much does Crossco® Water Guard™ 5 Gal cost?
ES: ¿Cuánto cuesta Crossco® Water Guard™ 5 Gal?","EN: Crossco® Water Guard™ 5 Gal costs $59.99. It is on sale from $74.99 with a 20% savings.
ES: Crossco® Water Guard™ 5 Gal cuesta $59.99.. Está en oferta desde $74.99 con un ahorro de 20%.","price,cost",https://ncommercial.vercel.app/store/crossco-water-guard
qa_130,Roof Sealing,Sellado de techos,What is the SKU or item number for Crossco® Water Guard™ 5 Gal?,The SKU/item number for Crossco® Water Guard™ 5 Gal is CC-WG-5G.,¿Qué es the SKU or item number for Crossco® Water Guard™ 5 Gal?,the SKU or item number for Crossco® Water Guard™ 5 Gal es un producto de  en la categoría Sellado de techos. ,"EN: What is the SKU or item number for Crossco® Water Guard™ 5 Gal?
ES: ¿Qué es the SKU or item number for Crossco® Water Guard™ 5 Gal?","EN: The SKU/item number for Crossco® Water Guard™ 5 Gal is CC-WG-5G.
ES: the SKU or item number for Crossco® Water Guard™ 5 Gal es un producto de  en la categoría Sellado de techos. ","sku,item number",https://ncommercial.vercel.app/store/crossco-water-guard
qa_131,Roof Sealing,Sellado de techos,What is the UPC for Crossco® Water Guard™ 5 Gal?,The UPC for Crossco® Water Guard™ 5 Gal is 787756100221.,¿Qué es the UPC for Crossco® Water Guard™ 5 Gal?,the UPC for Crossco® Water Guard™ 5 Gal es un producto de  en la categoría Sellado de techos. ,"EN: What is the UPC for Crossco® Water Guard™ 5 Gal?
ES: ¿Qué es the UPC for Crossco® Water Guard™ 5 Gal?","EN: The UPC for Crossco® Water Guard™ 5 Gal is 787756100221.
ES: the UPC for Crossco® Water Guard™ 5 Gal es un producto de  en la categoría Sellado de techos. ","UPC,barcode",https://ncommercial.vercel.app/store/crossco-water-guard
qa_132,Roof Sealing,Sellado de techos,What brand makes Crossco® Water Guard™ 5 Gal?,Crossco® Water Guard™ 5 Gal is made by CROSSCO.,¿Qué marca fabrica Crossco® Water Guard™ 5 Gal?,Crossco® Water Guard™ 5 Gal es fabricado por CROSSCO.,"EN: What brand makes Crossco® Water Guard™ 5 Gal?
ES: ¿Qué marca fabrica Crossco® Water Guard™ 5 Gal?","EN: Crossco® Water Guard™ 5 Gal is made by CROSSCO.
ES: Crossco® Water Guard™ 5 Gal es fabricado por CROSSCO.",brand,https://ncommercial.vercel.app/store/crossco-water-guard
qa_133,Roof Sealing,Sellado de techos,How many Crossco® Water Guard™ 5 Gal are in stock?,The site lists 40 units of Crossco® Water Guard™ 5 Gal in stock.,¿Cuántas unidades de Crossco® Water Guard™ 5 Gal hay en inventario?,El sitio lista 40 unidades de Crossco® Water Guard™ 5 Gal en inventario.,"EN: How many Crossco® Water Guard™ 5 Gal are in stock?
ES: ¿Cuántas unidades de Crossco® Water Guard™ 5 Gal hay en inventario?","EN: The site lists 40 units of Crossco® Water Guard™ 5 Gal in stock.
ES: El sitio lista 40 unidades de Crossco® Water Guard™ 5 Gal en inventario.","stock,inventory",https://ncommercial.vercel.app/store/crossco-water-guard
qa_134,Roof Sealing,Sellado de techos,What is the rating for Crossco® Water Guard™ 5 Gal?,Crossco® Water Guard™ 5 Gal is rated 4.7 based on 198 reviews.,¿Qué es the rating for Crossco® Water Guard™ 5 Gal?,the rating for Crossco® Water Guard™ 5 Gal es un producto de  en la categoría Sellado de techos. ,"EN: What is the rating for Crossco® Water Guard™ 5 Gal?
ES: ¿Qué es the rating for Crossco® Water Guard™ 5 Gal?","EN: Crossco® Water Guard™ 5 Gal is rated 4.7 based on 198 reviews.
ES: the rating for Crossco® Water Guard™ 5 Gal es un producto de  en la categoría Sellado de techos. ","rating,reviews",https://ncommercial.vercel.app/store/crossco-water-guard
qa_135,Roof Sealing,Sellado de techos,Can I pick up Crossco® Water Guard™ 5 Gal in store?,Yes. The product page says pickup is available in 1 hour at the Naguabo store for Crossco® Water Guard™ 5 Gal.,¿Puedo recoger Crossco® Water Guard™ 5 Gal en la tienda?,Sí. La página del producto indica que el recogido está disponible en 1 hora en la tienda de Naguabo para Crossco® Water Guard™ 5 Gal.,"EN: Can I pick up Crossco® Water Guard™ 5 Gal in store?
ES: ¿Puedo recoger Crossco® Water Guard™ 5 Gal en la tienda?","EN: Yes. The product page says pickup is available in 1 hour at the Naguabo store for Crossco® Water Guard™ 5 Gal.
ES: Sí. La página del producto indica que el recogido está disponible en 1 hora en la tienda de Naguabo para Crossco® Water Guard™ 5 Gal.",pickup,https://ncommercial.vercel.app/store/crossco-water-guard
qa_136,Roof Sealing,Sellado de techos,Does Crossco® Water Guard™ 5 Gal ship?,Yes. The product page says Crossco® Water Guard™ 5 Gal ships in 1-2 days.,¿Crossco® Water Guard™ 5 Gal tiene envío?,Sí. La página del producto indica que Crossco® Water Guard™ 5 Gal se envía en 1 a 2 días.,"EN: Does Crossco® Water Guard™ 5 Gal ship?
ES: ¿Crossco® Water Guard™ 5 Gal tiene envío?","EN: Yes. The product page says Crossco® Water Guard™ 5 Gal ships in 1-2 days.
ES: Sí. La página del producto indica que Crossco® Water Guard™ 5 Gal se envía en 1 a 2 días.",shipping,https://ncommercial.vercel.app/store/crossco-water-guard
qa_137,Roof Sealing,Sellado de techos,Does Crossco® Water Guard™ 5 Gal qualify for free shipping?,The product page says shipping is free for orders over $99. Crossco® Water Guard™ 5 Gal is listed with that shipping note.,¿Crossco® Water Guard™ 5 Gal tiene envío?,Sí. La página del producto indica que Crossco® Water Guard™ 5 Gal se envía en 1 a 2 días.,"EN: Does Crossco® Water Guard™ 5 Gal qualify for free shipping?
ES: ¿Crossco® Water Guard™ 5 Gal tiene envío?","EN: The product page says shipping is free for orders over $99. Crossco® Water Guard™ 5 Gal is listed with that shipping note.
ES: Sí. La página del producto indica que Crossco® Water Guard™ 5 Gal se envía en 1 a 2 días.","shipping,free over 99",https://ncommercial.vercel.app/store/crossco-water-guard
qa_138,Roof Sealing,Sellado de techos,What category is Crossco® Water Guard™ 5 Gal in?,Crossco® Water Guard™ 5 Gal is in the Roof Sealing category.,¿En qué categoría está Crossco® Water Guard™ 5 Gal?,Crossco® Water Guard™ 5 Gal está en la categoría Sellado de techos.,"EN: What category is Crossco® Water Guard™ 5 Gal in?
ES: ¿En qué categoría está Crossco® Water Guard™ 5 Gal?","EN: Crossco® Water Guard™ 5 Gal is in the Roof Sealing category.
ES: Crossco® Water Guard™ 5 Gal está en la categoría Sellado de techos.",category,https://ncommercial.vercel.app/store/crossco-water-guard
qa_139,Roof Sealing,Sellado de techos,Is Crossco® Water Guard™ 5 Gal available at the Naguabo store?,Yes. The product page lists Crossco® Water Guard™ 5 Gal at the Naguabo store with 40 in stock.,¿Crossco® Water Guard™ 5 Gal está disponible en la tienda de Naguabo?,Sí. La página del producto lista Crossco® Water Guard™ 5 Gal en la tienda de Naguabo con 40 unidades en inventario.,"EN: Is Crossco® Water Guard™ 5 Gal available at the Naguabo store?
ES: ¿Crossco® Water Guard™ 5 Gal está disponible en la tienda de Naguabo?","EN: Yes. The product page lists Crossco® Water Guard™ 5 Gal at the Naguabo store with 40 in stock.
ES: Sí. La página del producto lista Crossco® Water Guard™ 5 Gal en la tienda de Naguabo con 40 unidades en inventario.","availability,Naguabo store",https://ncommercial.vercel.app/store/crossco-water-guard
qa_140,Roof Sealing,Sellado de techos,Can I buy Crossco® Water Guard™ 5 Gal online?,Yes. The product page includes Add to cart and Buy now options for Crossco® Water Guard™ 5 Gal.,¿Puedo comprar Crossco® Water Guard™ 5 Gal online?,Sí. La página del producto incluye opciones de Add to cart y Buy now para Crossco® Water Guard™ 5 Gal.,"EN: Can I buy Crossco® Water Guard™ 5 Gal online?
ES: ¿Puedo comprar Crossco® Water Guard™ 5 Gal online?","EN: Yes. The product page includes Add to cart and Buy now options for Crossco® Water Guard™ 5 Gal.
ES: Sí. La página del producto incluye opciones de Add to cart y Buy now para Crossco® Water Guard™ 5 Gal.","online order,buy now",https://ncommercial.vercel.app/store/crossco-water-guard
qa_141,Roof Sealing,Sellado de techos,What are the main features of Crossco® Water Guard™ 5 Gal?,"Main details for Crossco® Water Guard™ 5 Gal: High-performance 3-in-1 sealant, primer, and paint with strong resistance to alkalinity. Hydrophobic Bio-Pruf Technology waterproofs roofs and walls against water, moisture, and leaks. Stain resistant, energy-saving, and easy to clean. Available in matte or satin finish.",¿Cuáles son las características principales de Crossco® Water Guard™ 5 Gal?,"Detalles principales de Crossco® Water Guard™ 5 Gal: Sellador, primer y pintura 3 en 1 de alto rendimiento con fuerte resistencia al agua empozada. Fórmula de secado rápido con protección impermeable duradera y acabado elastomérico continuo para aplicaciones en techos.","EN: What are the main features of Crossco® Water Guard™ 5 Gal?
ES: ¿Cuáles son las características principales de Crossco® Water Guard™ 5 Gal?","EN: Main details for Crossco® Water Guard™ 5 Gal: High-performance 3-in-1 sealant, primer, and paint with strong resistance to alkalinity. Hydrophobic Bio-Pruf Technology waterproofs roofs and walls against water, moisture, and leaks. Stain resistant, energy-saving, and easy to clean. Available in matte or satin finish.
ES: Detalles principales de Crossco® Water Guard™ 5 Gal: Sellador, primer y pintura 3 en 1 de alto rendimiento con fuerte resistencia al agua empozada. Fórmula de secado rápido con protección impermeable duradera y acabado elastomérico continuo para aplicaciones en techos.","features,description",https://ncommercial.vercel.app/store/crossco-water-guard
qa_142,Roof Sealing,Sellado de techos,Is Crossco® Water Guard™ 5 Gal a good option for its department?,"Based on the site listing, Crossco® Water Guard™ 5 Gal is a featured Roof Sealing product with a 4.7 rating and 198 reviews.",¿Crossco® Water Guard™ 5 Gal es una buena opción para su departamento?,"Según el listado del sitio, Crossco® Water Guard™ 5 Gal es un producto destacado de Sellado de techos con una calificación de  y  reseñas.","EN: Is Crossco® Water Guard™ 5 Gal a good option for its department?
ES: ¿Crossco® Water Guard™ 5 Gal es una buena opción para su departamento?","EN: Based on the site listing, Crossco® Water Guard™ 5 Gal is a featured Roof Sealing product with a 4.7 rating and 198 reviews.
ES: Según el listado del sitio, Crossco® Water Guard™ 5 Gal es un producto destacado de Sellado de techos con una calificación de  y  reseñas.","recommendation,featured",https://ncommercial.vercel.app/store/crossco-water-guard
qa_143,Roof Sealing,Sellado de techos,Do you have CROSSCO CC-WG-5G?,Yes. CC-WG-5G is Crossco® Water Guard™ 5 Gal by CROSSCO. The listed price is $59.99 and stock is 40 units.,¿Tienen CROSSCO CC-WG-5G?,Sí. CC-WG-5G corresponde a Crossco® Water Guard™ 5 Gal de CROSSCO. El precio listado es $59.99 y el inventario es de 40 unidades.,"EN: Do you have CROSSCO CC-WG-5G?
ES: ¿Tienen CROSSCO CC-WG-5G?","EN: Yes. CC-WG-5G is Crossco® Water Guard™ 5 Gal by CROSSCO. The listed price is $59.99 and stock is 40 units.
ES: Sí. CC-WG-5G corresponde a Crossco® Water Guard™ 5 Gal de CROSSCO. El precio listado es $59.99 y el inventario es de 40 unidades.","CROSSCO,CC-WG-5G,lookup",https://ncommercial.vercel.app/store/crossco-water-guard
qa_144,Roof Sealing,Sellado de techos,What should I know before ordering Crossco® Water Guard™ 5 Gal?,"Before ordering Crossco® Water Guard™ 5 Gal, note the price is $59.99, SKU is CC-WG-5G, stock is 40, shipping is listed as 1-2 days, and pickup is listed as 1 hour at the Naguabo store.",¿Qué debo saber antes de ordenar Crossco® Water Guard™ 5 Gal?,"Antes de ordenar Crossco® Water Guard™ 5 Gal, toma en cuenta que el precio es $59.99,, el SKU es CC-WG-5G, el inventario es 40, el envío aparece como 1 a 2 días y el recogido aparece como 1 hora en la tienda de Naguabo.","EN: What should I know before ordering Crossco® Water Guard™ 5 Gal?
ES: ¿Qué debo saber antes de ordenar Crossco® Water Guard™ 5 Gal?","EN: Before ordering Crossco® Water Guard™ 5 Gal, note the price is $59.99, SKU is CC-WG-5G, stock is 40, shipping is listed as 1-2 days, and pickup is listed as 1 hour at the Naguabo store.
ES: Antes de ordenar Crossco® Water Guard™ 5 Gal, toma en cuenta que el precio es $59.99,, el SKU es CC-WG-5G, el inventario es 40, el envío aparece como 1 a 2 días y el recogido aparece como 1 hora en la tienda de Naguabo.","ordering,summary",https://ncommercial.vercel.app/store/crossco-water-guard
qa_145,Roof Sealing,Sellado de techos,What is Crossco® Super White™?,"Crossco® Super White™ is a CROSSCO product in the Roof Sealing category. A water-based acrylic modified PVDF roof coating offering the ultimate in reflectivity, color stability, and weather-resistant performance. Maintains flexibility while providing durable protection against environmental elements. Designed as a protective finishing coat for roofing applications.",¿Qué es Crossco® Super White™?,"Crossco® Super White™ es un producto de CROSSCO en la categoría Sellado de techos. Revestimiento de techo acrílico modificado con PVDF a base de agua que ofrece alta reflectividad, estabilidad de color y resistencia al clima. Mantiene flexibilidad mientras brinda protección duradera contra elementos ambientales. Diseñado como capa protectora final para aplicaciones de techo.","EN: What is Crossco® Super White™?
ES: ¿Qué es Crossco® Super White™?","EN: Crossco® Super White™ is a CROSSCO product in the Roof Sealing category. A water-based acrylic modified PVDF roof coating offering the ultimate in reflectivity, color stability, and weather-resistant performance. Maintains flexibility while providing durable protection against environmental elements. Designed as a protective finishing coat for roofing applications.
ES: Crossco® Super White™ es un producto de CROSSCO en la categoría Sellado de techos. Revestimiento de techo acrílico modificado con PVDF a base de agua que ofrece alta reflectividad, estabilidad de color y resistencia al clima. Mantiene flexibilidad mientras brinda protección duradera contra elementos ambientales. Diseñado como capa protectora final para aplicaciones de techo.","CROSSCO,RS077",https://ncommercial.vercel.app/store/crossco-super-white
qa_146,Roof Sealing,Sellado de techos,How much does Crossco® Super White™ cost?,Crossco® Super White™ costs $49.99.,¿Cuánto cuesta Crossco® Super White™?,Crossco® Super White™ cuesta $49.99..,"EN: How much does Crossco® Super White™ cost?
ES: ¿Cuánto cuesta Crossco® Super White™?","EN: Crossco® Super White™ costs $49.99.
ES: Crossco® Super White™ cuesta $49.99..","price,cost",https://ncommercial.vercel.app/store/crossco-super-white
qa_147,Roof Sealing,Sellado de techos,What is the SKU or item number for Crossco® Super White™?,The SKU/item number for Crossco® Super White™ is RS077.,¿Qué es the SKU or item number for Crossco® Super White™?,the SKU or item number for Crossco® Super White™ es un producto de  en la categoría Sellado de techos. ,"EN: What is the SKU or item number for Crossco® Super White™?
ES: ¿Qué es the SKU or item number for Crossco® Super White™?","EN: The SKU/item number for Crossco® Super White™ is RS077.
ES: the SKU or item number for Crossco® Super White™ es un producto de  en la categoría Sellado de techos. ","sku,item number",https://ncommercial.vercel.app/store/crossco-super-white
qa_148,Roof Sealing,Sellado de techos,What is the UPC for Crossco® Super White™?,The UPC for Crossco® Super White™ is 787756300034.,¿Qué es the UPC for Crossco® Super White™?,the UPC for Crossco® Super White™ es un producto de  en la categoría Sellado de techos. ,"EN: What is the UPC for Crossco® Super White™?
ES: ¿Qué es the UPC for Crossco® Super White™?","EN: The UPC for Crossco® Super White™ is 787756300034.
ES: the UPC for Crossco® Super White™ es un producto de  en la categoría Sellado de techos. ","UPC,barcode",https://ncommercial.vercel.app/store/crossco-super-white
qa_149,Roof Sealing,Sellado de techos,What brand makes Crossco® Super White™?,Crossco® Super White™ is made by CROSSCO.,¿Qué marca fabrica Crossco® Super White™?,Crossco® Super White™ es fabricado por CROSSCO.,"EN: What brand makes Crossco® Super White™?
ES: ¿Qué marca fabrica Crossco® Super White™?","EN: Crossco® Super White™ is made by CROSSCO.
ES: Crossco® Super White™ es fabricado por CROSSCO.",brand,https://ncommercial.vercel.app/store/crossco-super-white
qa_150,Roof Sealing,Sellado de techos,How many Crossco® Super White™ are in stock?,The site lists 55 units of Crossco® Super White™ in stock.,¿Cuántas unidades de Crossco® Super White™ hay en inventario?,El sitio lista 55 unidades de Crossco® Super White™ en inventario.,"EN: How many Crossco® Super White™ are in stock?
ES: ¿Cuántas unidades de Crossco® Super White™ hay en inventario?","EN: The site lists 55 units of Crossco® Super White™ in stock.
ES: El sitio lista 55 unidades de Crossco® Super White™ en inventario.","stock,inventory",https://ncommercial.vercel.app/store/crossco-super-white
qa_151,Roof Sealing,Sellado de techos,What is the rating for Crossco® Super White™?,Crossco® Super White™ is rated 4.8 based on 143 reviews.,¿Qué es the rating for Crossco® Super White™?,the rating for Crossco® Super White™ es un producto de  en la categoría Sellado de techos. ,"EN: What is the rating for Crossco® Super White™?
ES: ¿Qué es the rating for Crossco® Super White™?","EN: Crossco® Super White™ is rated 4.8 based on 143 reviews.
ES: the rating for Crossco® Super White™ es un producto de  en la categoría Sellado de techos. ","rating,reviews",https://ncommercial.vercel.app/store/crossco-super-white
qa_152,Roof Sealing,Sellado de techos,Can I pick up Crossco® Super White™ in store?,Yes. The product page says pickup is available in 1 hour at the Naguabo store for Crossco® Super White™.,¿Puedo recoger Crossco® Super White™ en la tienda?,Sí. La página del producto indica que el recogido está disponible en 1 hora en la tienda de Naguabo para Crossco® Super White™.,"EN: Can I pick up Crossco® Super White™ in store?
ES: ¿Puedo recoger Crossco® Super White™ en la tienda?","EN: Yes. The product page says pickup is available in 1 hour at the Naguabo store for Crossco® Super White™.
ES: Sí. La página del producto indica que el recogido está disponible en 1 hora en la tienda de Naguabo para Crossco® Super White™.",pickup,https://ncommercial.vercel.app/store/crossco-super-white
qa_153,Roof Sealing,Sellado de techos,Does Crossco® Super White™ ship?,Yes. The product page says Crossco® Super White™ ships in 1-2 days.,¿Crossco® Super White™ tiene envío?,Sí. La página del producto indica que Crossco® Super White™ se envía en 1 a 2 días.,"EN: Does Crossco® Super White™ ship?
ES: ¿Crossco® Super White™ tiene envío?","EN: Yes. The product page says Crossco® Super White™ ships in 1-2 days.
ES: Sí. La página del producto indica que Crossco® Super White™ se envía en 1 a 2 días.",shipping,https://ncommercial.vercel.app/store/crossco-super-white
qa_154,Roof Sealing,Sellado de techos,Does Crossco® Super White™ qualify for free shipping?,The product page says shipping is free for orders over $99. Crossco® Super White™ is listed with that shipping note.,¿Crossco® Super White™ tiene envío?,Sí. La página del producto indica que Crossco® Super White™ se envía en 1 a 2 días.,"EN: Does Crossco® Super White™ qualify for free shipping?
ES: ¿Crossco® Super White™ tiene envío?","EN: The product page says shipping is free for orders over $99. Crossco® Super White™ is listed with that shipping note.
ES: Sí. La página del producto indica que Crossco® Super White™ se envía en 1 a 2 días.","shipping,free over 99",https://ncommercial.vercel.app/store/crossco-super-white
qa_155,Roof Sealing,Sellado de techos,What category is Crossco® Super White™ in?,Crossco® Super White™ is in the Roof Sealing category.,¿En qué categoría está Crossco® Super White™?,Crossco® Super White™ está en la categoría Sellado de techos.,"EN: What category is Crossco® Super White™ in?
ES: ¿En qué categoría está Crossco® Super White™?","EN: Crossco® Super White™ is in the Roof Sealing category.
ES: Crossco® Super White™ está en la categoría Sellado de techos.",category,https://ncommercial.vercel.app/store/crossco-super-white
qa_156,Roof Sealing,Sellado de techos,Is Crossco® Super White™ available at the Naguabo store?,Yes. The product page lists Crossco® Super White™ at the Naguabo store with 55 in stock.,¿Crossco® Super White™ está disponible en la tienda de Naguabo?,Sí. La página del producto lista Crossco® Super White™ en la tienda de Naguabo con 55 unidades en inventario.,"EN: Is Crossco® Super White™ available at the Naguabo store?
ES: ¿Crossco® Super White™ está disponible en la tienda de Naguabo?","EN: Yes. The product page lists Crossco® Super White™ at the Naguabo store with 55 in stock.
ES: Sí. La página del producto lista Crossco® Super White™ en la tienda de Naguabo con 55 unidades en inventario.","availability,Naguabo store",https://ncommercial.vercel.app/store/crossco-super-white
qa_157,Roof Sealing,Sellado de techos,Can I buy Crossco® Super White™ online?,Yes. The product page includes Add to cart and Buy now options for Crossco® Super White™.,¿Puedo comprar Crossco® Super White™ online?,Sí. La página del producto incluye opciones de Add to cart y Buy now para Crossco® Super White™.,"EN: Can I buy Crossco® Super White™ online?
ES: ¿Puedo comprar Crossco® Super White™ online?","EN: Yes. The product page includes Add to cart and Buy now options for Crossco® Super White™.
ES: Sí. La página del producto incluye opciones de Add to cart y Buy now para Crossco® Super White™.","online order,buy now",https://ncommercial.vercel.app/store/crossco-super-white
qa_158,Roof Sealing,Sellado de techos,What are the main features of Crossco® Super White™?,"Main details for Crossco® Super White™: A water-based acrylic modified PVDF roof coating offering the ultimate in reflectivity, color stability, and weather-resistant performance. Maintains flexibility while providing durable protection against environmental elements. Designed as a protective finishing coat for roofing applications.",¿Cuáles son las características principales de Crossco® Super White™?,"Detalles principales de Crossco® Super White™: Revestimiento de techo acrílico modificado con PVDF a base de agua que ofrece alta reflectividad, estabilidad de color y resistencia al clima. Mantiene flexibilidad mientras brinda protección duradera contra elementos ambientales. Diseñado como capa protectora final para aplicaciones de techo.","EN: What are the main features of Crossco® Super White™?
ES: ¿Cuáles son las características principales de Crossco® Super White™?","EN: Main details for Crossco® Super White™: A water-based acrylic modified PVDF roof coating offering the ultimate in reflectivity, color stability, and weather-resistant performance. Maintains flexibility while providing durable protection against environmental elements. Designed as a protective finishing coat for roofing applications.
ES: Detalles principales de Crossco® Super White™: Revestimiento de techo acrílico modificado con PVDF a base de agua que ofrece alta reflectividad, estabilidad de color y resistencia al clima. Mantiene flexibilidad mientras brinda protección duradera contra elementos ambientales. Diseñado como capa protectora final para aplicaciones de techo.","features,description",https://ncommercial.vercel.app/store/crossco-super-white
qa_159,Roof Sealing,Sellado de techos,Is Crossco® Super White™ a good option for its department?,"Based on the site listing, Crossco® Super White™ is a featured Roof Sealing product with a 4.8 rating and 143 reviews.",¿Crossco® Super White™ es una buena opción para su departamento?,"Según el listado del sitio, Crossco® Super White™ es un producto destacado de Sellado de techos con una calificación de  y  reseñas.","EN: Is Crossco® Super White™ a good option for its department?
ES: ¿Crossco® Super White™ es una buena opción para su departamento?","EN: Based on the site listing, Crossco® Super White™ is a featured Roof Sealing product with a 4.8 rating and 143 reviews.
ES: Según el listado del sitio, Crossco® Super White™ es un producto destacado de Sellado de techos con una calificación de  y  reseñas.","recommendation,featured",https://ncommercial.vercel.app/store/crossco-super-white
qa_160,Roof Sealing,Sellado de techos,Do you have CROSSCO RS077?,Yes. RS077 is Crossco® Super White™ by CROSSCO. The listed price is $49.99 and stock is 55 units.,¿Tienen CROSSCO RS077?,Sí. RS077 corresponde a Crossco® Super White™ de CROSSCO. El precio listado es $49.99 y el inventario es de 55 unidades.,"EN: Do you have CROSSCO RS077?
ES: ¿Tienen CROSSCO RS077?","EN: Yes. RS077 is Crossco® Super White™ by CROSSCO. The listed price is $49.99 and stock is 55 units.
ES: Sí. RS077 corresponde a Crossco® Super White™ de CROSSCO. El precio listado es $49.99 y el inventario es de 55 unidades.","CROSSCO,RS077,lookup",https://ncommercial.vercel.app/store/crossco-super-white
qa_161,Roof Sealing,Sellado de techos,What should I know before ordering Crossco® Super White™?,"Before ordering Crossco® Super White™, note the price is $49.99, SKU is RS077, stock is 55, shipping is listed as 1-2 days, and pickup is listed as 1 hour at the Naguabo store.",¿Qué debo saber antes de ordenar Crossco® Super White™?,"Antes de ordenar Crossco® Super White™, toma en cuenta que el precio es $49.99,, el SKU es RS077, el inventario es 55, el envío aparece como 1 a 2 días y el recogido aparece como 1 hora en la tienda de Naguabo.","EN: What should I know before ordering Crossco® Super White™?
ES: ¿Qué debo saber antes de ordenar Crossco® Super White™?","EN: Before ordering Crossco® Super White™, note the price is $49.99, SKU is RS077, stock is 55, shipping is listed as 1-2 days, and pickup is listed as 1 hour at the Naguabo store.
ES: Antes de ordenar Crossco® Super White™, toma en cuenta que el precio es $49.99,, el SKU es RS077, el inventario es 55, el envío aparece como 1 a 2 días y el recogido aparece como 1 hora en la tienda de Naguabo.","ordering,summary",https://ncommercial.vercel.app/store/crossco-super-white
qa_162,Roof Sealing,Sellado de techos,What is Crossco® ES 2000 Plus™?,Crossco® ES 2000 Plus™ is a CROSSCO product in the Roof Sealing category. An advanced roof sealer featuring 100% acrylic with a high quality brilliant white finish that provides a strong reflecting coat to protect the roof surface. Will not crack or peel despite severe weather or joint movement.,¿Qué es Crossco® ES 2000 Plus™?,Crossco® ES 2000 Plus™ es un producto de CROSSCO en la categoría Sellado de techos. Sellador de techo avanzado con 100% acrílico y acabado blanco brillante de alta calidad que crea una capa reflectante fuerte para proteger la superficie del techo. No se agrieta ni se despega a pesar de clima severo o movimiento de juntas.,"EN: What is Crossco® ES 2000 Plus™?
ES: ¿Qué es Crossco® ES 2000 Plus™?","EN: Crossco® ES 2000 Plus™ is a CROSSCO product in the Roof Sealing category. An advanced roof sealer featuring 100% acrylic with a high quality brilliant white finish that provides a strong reflecting coat to protect the roof surface. Will not crack or peel despite severe weather or joint movement.
ES: Crossco® ES 2000 Plus™ es un producto de CROSSCO en la categoría Sellado de techos. Sellador de techo avanzado con 100% acrílico y acabado blanco brillante de alta calidad que crea una capa reflectante fuerte para proteger la superficie del techo. No se agrieta ni se despega a pesar de clima severo o movimiento de juntas.","CROSSCO,RS050",https://ncommercial.vercel.app/store/crossco-es-2000-plus
qa_163,Roof Sealing,Sellado de techos,How much does Crossco® ES 2000 Plus™ cost?,Crossco® ES 2000 Plus™ costs $42.99.,¿Cuánto cuesta Crossco® ES 2000 Plus™?,Crossco® ES 2000 Plus™ cuesta $42.99..,"EN: How much does Crossco® ES 2000 Plus™ cost?
ES: ¿Cuánto cuesta Crossco® ES 2000 Plus™?","EN: Crossco® ES 2000 Plus™ costs $42.99.
ES: Crossco® ES 2000 Plus™ cuesta $42.99..","price,cost",https://ncommercial.vercel.app/store/crossco-es-2000-plus
qa_164,Roof Sealing,Sellado de techos,What is the SKU or item number for Crossco® ES 2000 Plus™?,The SKU/item number for Crossco® ES 2000 Plus™ is RS050.,¿Qué es the SKU or item number for Crossco® ES 2000 Plus™?,the SKU or item number for Crossco® ES 2000 Plus™ es un producto de  en la categoría Sellado de techos. ,"EN: What is the SKU or item number for Crossco® ES 2000 Plus™?
ES: ¿Qué es the SKU or item number for Crossco® ES 2000 Plus™?","EN: The SKU/item number for Crossco® ES 2000 Plus™ is RS050.
ES: the SKU or item number for Crossco® ES 2000 Plus™ es un producto de  en la categoría Sellado de techos. ","sku,item number",https://ncommercial.vercel.app/store/crossco-es-2000-plus
qa_165,Roof Sealing,Sellado de techos,What is the UPC for Crossco® ES 2000 Plus™?,The UPC for Crossco® ES 2000 Plus™ is 787756300072.,¿Qué es the UPC for Crossco® ES 2000 Plus™?,the UPC for Crossco® ES 2000 Plus™ es un producto de  en la categoría Sellado de techos. ,"EN: What is the UPC for Crossco® ES 2000 Plus™?
ES: ¿Qué es the UPC for Crossco® ES 2000 Plus™?","EN: The UPC for Crossco® ES 2000 Plus™ is 787756300072.
ES: the UPC for Crossco® ES 2000 Plus™ es un producto de  en la categoría Sellado de techos. ","UPC,barcode",https://ncommercial.vercel.app/store/crossco-es-2000-plus
qa_166,Roof Sealing,Sellado de techos,What brand makes Crossco® ES 2000 Plus™?,Crossco® ES 2000 Plus™ is made by CROSSCO.,¿Qué marca fabrica Crossco® ES 2000 Plus™?,Crossco® ES 2000 Plus™ es fabricado por CROSSCO.,"EN: What brand makes Crossco® ES 2000 Plus™?
ES: ¿Qué marca fabrica Crossco® ES 2000 Plus™?","EN: Crossco® ES 2000 Plus™ is made by CROSSCO.
ES: Crossco® ES 2000 Plus™ es fabricado por CROSSCO.",brand,https://ncommercial.vercel.app/store/crossco-es-2000-plus
qa_167,Roof Sealing,Sellado de techos,How many Crossco® ES 2000 Plus™ are in stock?,The site lists 80 units of Crossco® ES 2000 Plus™ in stock.,¿Cuántas unidades de Crossco® ES 2000 Plus™ hay en inventario?,El sitio lista 80 unidades de Crossco® ES 2000 Plus™ en inventario.,"EN: How many Crossco® ES 2000 Plus™ are in stock?
ES: ¿Cuántas unidades de Crossco® ES 2000 Plus™ hay en inventario?","EN: The site lists 80 units of Crossco® ES 2000 Plus™ in stock.
ES: El sitio lista 80 unidades de Crossco® ES 2000 Plus™ en inventario.","stock,inventory",https://ncommercial.vercel.app/store/crossco-es-2000-plus
qa_168,Roof Sealing,Sellado de techos,What is the rating for Crossco® ES 2000 Plus™?,Crossco® ES 2000 Plus™ is rated 4.8 based on 201 reviews.,¿Qué es the rating for Crossco® ES 2000 Plus™?,the rating for Crossco® ES 2000 Plus™ es un producto de  en la categoría Sellado de techos. ,"EN: What is the rating for Crossco® ES 2000 Plus™?
ES: ¿Qué es the rating for Crossco® ES 2000 Plus™?","EN: Crossco® ES 2000 Plus™ is rated 4.8 based on 201 reviews.
ES: the rating for Crossco® ES 2000 Plus™ es un producto de  en la categoría Sellado de techos. ","rating,reviews",https://ncommercial.vercel.app/store/crossco-es-2000-plus
qa_169,Roof Sealing,Sellado de techos,Can I pick up Crossco® ES 2000 Plus™ in store?,Yes. The product page says pickup is available in 1 hour at the Naguabo store for Crossco® ES 2000 Plus™.,¿Puedo recoger Crossco® ES 2000 Plus™ en la tienda?,Sí. La página del producto indica que el recogido está disponible en 1 hora en la tienda de Naguabo para Crossco® ES 2000 Plus™.,"EN: Can I pick up Crossco® ES 2000 Plus™ in store?
ES: ¿Puedo recoger Crossco® ES 2000 Plus™ en la tienda?","EN: Yes. The product page says pickup is available in 1 hour at the Naguabo store for Crossco® ES 2000 Plus™.
ES: Sí. La página del producto indica que el recogido está disponible en 1 hora en la tienda de Naguabo para Crossco® ES 2000 Plus™.",pickup,https://ncommercial.vercel.app/store/crossco-es-2000-plus
qa_170,Roof Sealing,Sellado de techos,Does Crossco® ES 2000 Plus™ ship?,Yes. The product page says Crossco® ES 2000 Plus™ ships in 1-2 days.,¿Crossco® ES 2000 Plus™ tiene envío?,Sí. La página del producto indica que Crossco® ES 2000 Plus™ se envía en 1 a 2 días.,"EN: Does Crossco® ES 2000 Plus™ ship?
ES: ¿Crossco® ES 2000 Plus™ tiene envío?","EN: Yes. The product page says Crossco® ES 2000 Plus™ ships in 1-2 days.
ES: Sí. La página del producto indica que Crossco® ES 2000 Plus™ se envía en 1 a 2 días.",shipping,https://ncommercial.vercel.app/store/crossco-es-2000-plus
qa_171,Roof Sealing,Sellado de techos,Does Crossco® ES 2000 Plus™ qualify for free shipping?,The product page says shipping is free for orders over $99. Crossco® ES 2000 Plus™ is listed with that shipping note.,¿Crossco® ES 2000 Plus™ tiene envío?,Sí. La página del producto indica que Crossco® ES 2000 Plus™ se envía en 1 a 2 días.,"EN: Does Crossco® ES 2000 Plus™ qualify for free shipping?
ES: ¿Crossco® ES 2000 Plus™ tiene envío?","EN: The product page says shipping is free for orders over $99. Crossco® ES 2000 Plus™ is listed with that shipping note.
ES: Sí. La página del producto indica que Crossco® ES 2000 Plus™ se envía en 1 a 2 días.","shipping,free over 99",https://ncommercial.vercel.app/store/crossco-es-2000-plus
qa_172,Roof Sealing,Sellado de techos,What category is Crossco® ES 2000 Plus™ in?,Crossco® ES 2000 Plus™ is in the Roof Sealing category.,¿En qué categoría está Crossco® ES 2000 Plus™?,Crossco® ES 2000 Plus™ está en la categoría Sellado de techos.,"EN: What category is Crossco® ES 2000 Plus™ in?
ES: ¿En qué categoría está Crossco® ES 2000 Plus™?","EN: Crossco® ES 2000 Plus™ is in the Roof Sealing category.
ES: Crossco® ES 2000 Plus™ está en la categoría Sellado de techos.",category,https://ncommercial.vercel.app/store/crossco-es-2000-plus
qa_173,Roof Sealing,Sellado de techos,Is Crossco® ES 2000 Plus™ available at the Naguabo store?,Yes. The product page lists Crossco® ES 2000 Plus™ at the Naguabo store with 80 in stock.,¿Crossco® ES 2000 Plus™ está disponible en la tienda de Naguabo?,Sí. La página del producto lista Crossco® ES 2000 Plus™ en la tienda de Naguabo con 80 unidades en inventario.,"EN: Is Crossco® ES 2000 Plus™ available at the Naguabo store?
ES: ¿Crossco® ES 2000 Plus™ está disponible en la tienda de Naguabo?","EN: Yes. The product page lists Crossco® ES 2000 Plus™ at the Naguabo store with 80 in stock.
ES: Sí. La página del producto lista Crossco® ES 2000 Plus™ en la tienda de Naguabo con 80 unidades en inventario.","availability,Naguabo store",https://ncommercial.vercel.app/store/crossco-es-2000-plus
qa_174,Roof Sealing,Sellado de techos,Can I buy Crossco® ES 2000 Plus™ online?,Yes. The product page includes Add to cart and Buy now options for Crossco® ES 2000 Plus™.,¿Puedo comprar Crossco® ES 2000 Plus™ online?,Sí. La página del producto incluye opciones de Add to cart y Buy now para Crossco® ES 2000 Plus™.,"EN: Can I buy Crossco® ES 2000 Plus™ online?
ES: ¿Puedo comprar Crossco® ES 2000 Plus™ online?","EN: Yes. The product page includes Add to cart and Buy now options for Crossco® ES 2000 Plus™.
ES: Sí. La página del producto incluye opciones de Add to cart y Buy now para Crossco® ES 2000 Plus™.","online order,buy now",https://ncommercial.vercel.app/store/crossco-es-2000-plus
qa_175,Roof Sealing,Sellado de techos,What are the main features of Crossco® ES 2000 Plus™?,Main details for Crossco® ES 2000 Plus™: An advanced roof sealer featuring 100% acrylic with a high quality brilliant white finish that provides a strong reflecting coat to protect the roof surface. Will not crack or peel despite severe weather or joint movement.,¿Cuáles son las características principales de Crossco® ES 2000 Plus™?,Detalles principales de Crossco® ES 2000 Plus™: Sellador de techo avanzado con 100% acrílico y acabado blanco brillante de alta calidad que crea una capa reflectante fuerte para proteger la superficie del techo. No se agrieta ni se despega a pesar de clima severo o movimiento de juntas.,"EN: What are the main features of Crossco® ES 2000 Plus™?
ES: ¿Cuáles son las características principales de Crossco® ES 2000 Plus™?","EN: Main details for Crossco® ES 2000 Plus™: An advanced roof sealer featuring 100% acrylic with a high quality brilliant white finish that provides a strong reflecting coat to protect the roof surface. Will not crack or peel despite severe weather or joint movement.
ES: Detalles principales de Crossco® ES 2000 Plus™: Sellador de techo avanzado con 100% acrílico y acabado blanco brillante de alta calidad que crea una capa reflectante fuerte para proteger la superficie del techo. No se agrieta ni se despega a pesar de clima severo o movimiento de juntas.","features,description",https://ncommercial.vercel.app/store/crossco-es-2000-plus
qa_176,Roof Sealing,Sellado de techos,Is Crossco® ES 2000 Plus™ a good option for its department?,"Based on the site listing, Crossco® ES 2000 Plus™ is a featured Roof Sealing product with a 4.8 rating and 201 reviews.",¿Crossco® ES 2000 Plus™ es una buena opción para su departamento?,"Según el listado del sitio, Crossco® ES 2000 Plus™ es un producto destacado de Sellado de techos con una calificación de  y  reseñas.","EN: Is Crossco® ES 2000 Plus™ a good option for its department?
ES: ¿Crossco® ES 2000 Plus™ es una buena opción para su departamento?","EN: Based on the site listing, Crossco® ES 2000 Plus™ is a featured Roof Sealing product with a 4.8 rating and 201 reviews.
ES: Según el listado del sitio, Crossco® ES 2000 Plus™ es un producto destacado de Sellado de techos con una calificación de  y  reseñas.","recommendation,featured",https://ncommercial.vercel.app/store/crossco-es-2000-plus
qa_177,Roof Sealing,Sellado de techos,Do you have CROSSCO RS050?,Yes. RS050 is Crossco® ES 2000 Plus™ by CROSSCO. The listed price is $42.99 and stock is 80 units.,¿Tienen CROSSCO RS050?,Sí. RS050 corresponde a Crossco® ES 2000 Plus™ de CROSSCO. El precio listado es $42.99 y el inventario es de 80 unidades.,"EN: Do you have CROSSCO RS050?
ES: ¿Tienen CROSSCO RS050?","EN: Yes. RS050 is Crossco® ES 2000 Plus™ by CROSSCO. The listed price is $42.99 and stock is 80 units.
ES: Sí. RS050 corresponde a Crossco® ES 2000 Plus™ de CROSSCO. El precio listado es $42.99 y el inventario es de 80 unidades.","CROSSCO,RS050,lookup",https://ncommercial.vercel.app/store/crossco-es-2000-plus
qa_178,Roof Sealing,Sellado de techos,What should I know before ordering Crossco® ES 2000 Plus™?,"Before ordering Crossco® ES 2000 Plus™, note the price is $42.99, SKU is RS050, stock is 80, shipping is listed as 1-2 days, and pickup is listed as 1 hour at the Naguabo store.",¿Qué debo saber antes de ordenar Crossco® ES 2000 Plus™?,"Antes de ordenar Crossco® ES 2000 Plus™, toma en cuenta que el precio es $42.99,, el SKU es RS050, el inventario es 80, el envío aparece como 1 a 2 días y el recogido aparece como 1 hora en la tienda de Naguabo.","EN: What should I know before ordering Crossco® ES 2000 Plus™?
ES: ¿Qué debo saber antes de ordenar Crossco® ES 2000 Plus™?","EN: Before ordering Crossco® ES 2000 Plus™, note the price is $42.99, SKU is RS050, stock is 80, shipping is listed as 1-2 days, and pickup is listed as 1 hour at the Naguabo store.
ES: Antes de ordenar Crossco® ES 2000 Plus™, toma en cuenta que el precio es $42.99,, el SKU es RS050, el inventario es 80, el envío aparece como 1 a 2 días y el recogido aparece como 1 hora en la tienda de Naguabo.","ordering,summary",https://ncommercial.vercel.app/store/crossco-es-2000-plus
qa_179,deals,ofertas,Which products are currently shown with discounts?,"Discounted products shown include DEWALT 20V MAX Cordless Drill Kit at 20% off, Moen Single-Handle Kitchen Faucet at 20% off, True Temper Heavy Duty Wheelbarrow 6 cu ft at 25% off, and Crossco Water Guard 5 Gal at 20% off.",¿Qué productos aparecen actualmente con descuentos?,"Los productos con descuentos mostrados incluyen DEWALT 20V MAX Cordless Drill Kit con 20% de descuento, Moen Single-Handle Kitchen Faucet con 20% de descuento, True Temper Heavy Duty Wheelbarrow 6 cu ft con 25% de descuento y Crossco Water Guard 5 Gal con 20% de descuento.","EN: Which products are currently shown with discounts?
ES: ¿Qué productos aparecen actualmente con descuentos?","EN: Discounted products shown include DEWALT 20V MAX Cordless Drill Kit at 20% off, Moen Single-Handle Kitchen Faucet at 20% off, True Temper Heavy Duty Wheelbarrow 6 cu ft at 25% off, and Crossco Water Guard 5 Gal at 20% off.
ES: Los productos con descuentos mostrados incluyen DEWALT 20V MAX Cordless Drill Kit con 20% de descuento, Moen Single-Handle Kitchen Faucet con 20% de descuento, True Temper Heavy Duty Wheelbarrow 6 cu ft con 25% de descuento y Crossco Water Guard 5 Gal con 20% de descuento.","discounts,special offers",https://ncommercial.vercel.app/
qa_180,deals,ofertas,Which product has the biggest discount?,The largest listed percentage discount is the True Temper Heavy Duty Wheelbarrow 6 cu ft at 25% off.,¿Qué producto tiene el descuento más grande?,El mayor porcentaje de descuento listado es la True Temper Heavy Duty Wheelbarrow 6 cu ft con 25% de descuento.,"EN: Which product has the biggest discount?
ES: ¿Qué producto tiene el descuento más grande?","EN: The largest listed percentage discount is the True Temper Heavy Duty Wheelbarrow 6 cu ft at 25% off.
ES: El mayor porcentaje de descuento listado es la True Temper Heavy Duty Wheelbarrow 6 cu ft con 25% de descuento.",discount,https://ncommercial.vercel.app/
qa_181,comparison,comparación,Which listed product has the lowest price?,The lowest listed price among the visible products is Quikrete 60 lb. Concrete Mix at $6.48.,¿Qué producto listado tiene el precio más bajo?,El precio más bajo entre los productos visibles es Quikrete 60 lb. Concrete Mix a $6.48.,"EN: Which listed product has the lowest price?
ES: ¿Qué producto listado tiene el precio más bajo?","EN: The lowest listed price among the visible products is Quikrete 60 lb. Concrete Mix at $6.48.
ES: El precio más bajo entre los productos visibles es Quikrete 60 lb. Concrete Mix a $6.48.","price,lowest",https://ncommercial.vercel.app/
qa_182,comparison,comparación,Which listed product has the highest price?,The highest listed price among the visible products is the DEWALT 20V MAX Cordless Drill Kit at $199.99 sale price.,¿Qué producto listado tiene el precio más alto?,El precio más alto entre los productos visibles es el DEWALT 20V MAX Cordless Drill Kit a precio de oferta de $199.99.,"EN: Which listed product has the highest price?
ES: ¿Qué producto listado tiene el precio más alto?","EN: The highest listed price among the visible products is the DEWALT 20V MAX Cordless Drill Kit at $199.99 sale price.
ES: El precio más alto entre los productos visibles es el DEWALT 20V MAX Cordless Drill Kit a precio de oferta de $199.99.","price,highest",https://ncommercial.vercel.app/
qa_183,comparison,comparación,Which product has the most reviews?,"The EcoSmart LED 60W Equivalent Daylight Bulb 4-Pack has the most visible reviews, with 4,521 reviews.",¿Qué producto tiene más reseñas?,"El EcoSmart LED 60W Equivalent Daylight Bulb 4-Pack tiene la mayor cantidad visible de reseñas, con 4,521 reseñas.","EN: Which product has the most reviews?
ES: ¿Qué producto tiene más reseñas?","EN: The EcoSmart LED 60W Equivalent Daylight Bulb 4-Pack has the most visible reviews, with 4,521 reviews.
ES: El EcoSmart LED 60W Equivalent Daylight Bulb 4-Pack tiene la mayor cantidad visible de reseñas, con 4,521 reseñas.",reviews,https://ncommercial.vercel.app/
qa_184,comparison,comparación,Which product has the highest rating?,"The highest visible rating is 4.8, shared by the DEWALT 20V MAX Cordless Drill Kit, Crossco Super White, and Crossco ES 2000 Plus.",¿Qué producto tiene la calificación más alta?,"La calificación visible más alta es 4.8, compartida por DEWALT 20V MAX Cordless Drill Kit, Crossco Super White y Crossco ES 2000 Plus.","EN: Which product has the highest rating?
ES: ¿Qué producto tiene la calificación más alta?","EN: The highest visible rating is 4.8, shared by the DEWALT 20V MAX Cordless Drill Kit, Crossco Super White, and Crossco ES 2000 Plus.
ES: La calificación visible más alta es 4.8, compartida por DEWALT 20V MAX Cordless Drill Kit, Crossco Super White y Crossco ES 2000 Plus.",rating,https://ncommercial.vercel.app/
qa_185,comparison,comparación,Which product has the most inventory?,"Quikrete 60 lb. Concrete Mix has the most listed inventory, with 320 units in stock.",¿Qué producto tiene más inventario?,"Quikrete 60 lb. Concrete Mix tiene el mayor inventario listado, con 320 unidades en stock.","EN: Which product has the most inventory?
ES: ¿Qué producto tiene más inventario?","EN: Quikrete 60 lb. Concrete Mix has the most listed inventory, with 320 units in stock.
ES: Quikrete 60 lb. Concrete Mix tiene el mayor inventario listado, con 320 unidades en stock.",stock,https://ncommercial.vercel.app/
qa_186,comparison,comparación,Which product has the least inventory?,"True Temper Heavy Duty Wheelbarrow 6 cu ft has the lowest listed inventory among visible products, with 24 units in stock.",¿Qué producto tiene menos inventario?,"True Temper Heavy Duty Wheelbarrow 6 cu ft tiene el inventario listado más bajo entre los productos visibles, con 24 unidades en stock.","EN: Which product has the least inventory?
ES: ¿Qué producto tiene menos inventario?","EN: True Temper Heavy Duty Wheelbarrow 6 cu ft has the lowest listed inventory among visible products, with 24 units in stock.
ES: True Temper Heavy Duty Wheelbarrow 6 cu ft tiene el inventario listado más bajo entre los productos visibles, con 24 unidades en stock.",stock,https://ncommercial.vercel.app/
qa_187,roof sealing,sellado de techos,What roof sealing products are listed?,"Listed roof sealing products include Crossco Water Guard 5 Gal, Crossco Super White, and Crossco ES 2000 Plus.",¿Qué productos de sellado de techo aparecen listados?,"Los productos de sellado de techo listados incluyen Crossco Water Guard 5 Gal, Crossco Super White y Crossco ES 2000 Plus.","EN: What roof sealing products are listed?
ES: ¿Qué productos de sellado de techo aparecen listados?","EN: Listed roof sealing products include Crossco Water Guard 5 Gal, Crossco Super White, and Crossco ES 2000 Plus.
ES: Los productos de sellado de techo listados incluyen Crossco Water Guard 5 Gal, Crossco Super White y Crossco ES 2000 Plus.",CROSSCO,https://ncommercial.vercel.app/
qa_188,roof sealing,sellado de techos,What is the cheapest listed CROSSCO product?,The cheapest listed CROSSCO product is Crossco ES 2000 Plus at $42.99.,¿Cuál es el producto CROSSCO listado más económico?,El producto CROSSCO listado más económico es Crossco ES 2000 Plus a $42.99.,"EN: What is the cheapest listed CROSSCO product?
ES: ¿Cuál es el producto CROSSCO listado más económico?","EN: The cheapest listed CROSSCO product is Crossco ES 2000 Plus at $42.99.
ES: El producto CROSSCO listado más económico es Crossco ES 2000 Plus a $42.99.","CROSSCO,price",https://ncommercial.vercel.app/
qa_189,roof sealing,sellado de techos,What is the most expensive listed CROSSCO product?,The most expensive listed CROSSCO product is Crossco Water Guard 5 Gal at $59.99 sale price.,¿Cuál es el producto CROSSCO listado más caro?,El producto CROSSCO listado más caro es Crossco Water Guard 5 Gal a precio de oferta de $59.99.,"EN: What is the most expensive listed CROSSCO product?
ES: ¿Cuál es el producto CROSSCO listado más caro?","EN: The most expensive listed CROSSCO product is Crossco Water Guard 5 Gal at $59.99 sale price.
ES: El producto CROSSCO listado más caro es Crossco Water Guard 5 Gal a precio de oferta de $59.99.","CROSSCO,price",https://ncommercial.vercel.app/
qa_190,roof sealing,sellado de techos,"Which CROSSCO product is 3-in-1 sealant, primer, and paint?","Crossco Water Guard 5 Gal is described as a high-performance 3-in-1 sealant, primer, and paint.","¿Qué producto CROSSCO es sellador, primer y pintura 3 en 1?","Crossco Water Guard 5 Gal se describe como un sellador, primer y pintura 3 en 1 de alto rendimiento.","EN: Which CROSSCO product is 3-in-1 sealant, primer, and paint?
ES: ¿Qué producto CROSSCO es sellador, primer y pintura 3 en 1?","EN: Crossco Water Guard 5 Gal is described as a high-performance 3-in-1 sealant, primer, and paint.
ES: Crossco Water Guard 5 Gal se describe como un sellador, primer y pintura 3 en 1 de alto rendimiento.","CROSSCO,Water Guard",https://ncommercial.vercel.app/
qa_191,roof sealing,sellado de techos,Which CROSSCO product is a finishing roof coat?,Crossco Super White is described as a protective finishing coat for roofing applications.,¿Qué producto CROSSCO es una capa final para techo?,Crossco Super White se describe como una capa protectora final para aplicaciones de techo.,"EN: Which CROSSCO product is a finishing roof coat?
ES: ¿Qué producto CROSSCO es una capa final para techo?","EN: Crossco Super White is described as a protective finishing coat for roofing applications.
ES: Crossco Super White se describe como una capa protectora final para aplicaciones de techo.","CROSSCO,Super White",https://ncommercial.vercel.app/
qa_192,roof sealing,sellado de techos,Which CROSSCO product is 100% acrylic?,Crossco ES 2000 Plus is described as an advanced roof sealer featuring 100% acrylic.,¿Qué producto CROSSCO es 100% acrílico?,Crossco ES 2000 Plus se describe como un sellador de techo avanzado con 100% acrílico.,"EN: Which CROSSCO product is 100% acrylic?
ES: ¿Qué producto CROSSCO es 100% acrílico?","EN: Crossco ES 2000 Plus is described as an advanced roof sealer featuring 100% acrylic.
ES: Crossco ES 2000 Plus se describe como un sellador de techo avanzado con 100% acrílico.","CROSSCO,ES 2000 Plus",https://ncommercial.vercel.app/
qa_193,building materials,materiales de construcción,Which product is best for a general concrete application?,Quikrete 60 lb. Concrete Mix is described for any general concrete application and only requires adding water.,¿Qué producto es mejor para una aplicación general de concreto?,Quikrete 60 lb. Concrete Mix se describe para cualquier aplicación general de concreto y solo requiere agregar agua.,"EN: Which product is best for a general concrete application?
ES: ¿Qué producto es mejor para una aplicación general de concreto?","EN: Quikrete 60 lb. Concrete Mix is described for any general concrete application and only requires adding water.
ES: Quikrete 60 lb. Concrete Mix se describe para cualquier aplicación general de concreto y solo requiere agregar agua.",concrete,https://ncommercial.vercel.app/
qa_194,tools,herramientas,Which product should I choose for tight-area drilling?,"The DEWALT 20V MAX Cordless Drill Kit is described as compact and lightweight, fitting into tight areas.",¿Qué producto debo elegir para perforar en áreas estrechas?,"El DEWALT 20V MAX Cordless Drill Kit se describe como compacto y liviano, ideal para áreas estrechas.","EN: Which product should I choose for tight-area drilling?
ES: ¿Qué producto debo elegir para perforar en áreas estrechas?","EN: The DEWALT 20V MAX Cordless Drill Kit is described as compact and lightweight, fitting into tight areas.
ES: El DEWALT 20V MAX Cordless Drill Kit se describe como compacto y liviano, ideal para áreas estrechas.",drill,https://ncommercial.vercel.app/
qa_195,plumbing,plomería,Which product should I choose for a kitchen faucet replacement?,"The Moen Single-Handle Kitchen Faucet is the listed kitchen faucet option. It has a chrome finish, pull-down sprayer, included hardware, and a lifetime limited warranty.",¿Qué producto debo elegir para reemplazar un grifo de cocina?,"El Moen Single-Handle Kitchen Faucet es la opción listada para grifo de cocina. Tiene acabado cromado, rociador desplegable, herrajes incluidos y garantía limitada de por vida.","EN: Which product should I choose for a kitchen faucet replacement?
ES: ¿Qué producto debo elegir para reemplazar un grifo de cocina?","EN: The Moen Single-Handle Kitchen Faucet is the listed kitchen faucet option. It has a chrome finish, pull-down sprayer, included hardware, and a lifetime limited warranty.
ES: El Moen Single-Handle Kitchen Faucet es la opción listada para grifo de cocina. Tiene acabado cromado, rociador desplegable, herrajes incluidos y garantía limitada de por vida.",faucet,https://ncommercial.vercel.app/
qa_196,paint,pintura,Which product should I choose for interior wall paint?,"BEHR Premium Plus Interior Paint 1 Gal is the listed interior paint option. It is low VOC, eggshell finish, and available in thousands of colors.",¿Qué producto debo elegir para pintura interior de paredes?,"BEHR Premium Plus Interior Paint 1 Gal es la opción listada para pintura interior. Es de bajo VOC, acabado eggshell y disponible en miles de colores.","EN: Which product should I choose for interior wall paint?
ES: ¿Qué producto debo elegir para pintura interior de paredes?","EN: BEHR Premium Plus Interior Paint 1 Gal is the listed interior paint option. It is low VOC, eggshell finish, and available in thousands of colors.
ES: BEHR Premium Plus Interior Paint 1 Gal es la opción listada para pintura interior. Es de bajo VOC, acabado eggshell y disponible en miles de colores.",interior paint,https://ncommercial.vercel.app/
qa_197,lighting,iluminación,Which product should I choose for daylight bulbs?,"EcoSmart LED 60W Equivalent Daylight Bulb 4-Pack is listed as 800 lumens, 5000K daylight, and lasts up to 15,000 hours.",¿Qué producto debo elegir para bombillas daylight?,"EcoSmart LED 60W Equivalent Daylight Bulb 4-Pack aparece listado con 800 lúmenes, luz daylight de 5000K y duración de hasta 15,000 horas.","EN: Which product should I choose for daylight bulbs?
ES: ¿Qué producto debo elegir para bombillas daylight?","EN: EcoSmart LED 60W Equivalent Daylight Bulb 4-Pack is listed as 800 lumens, 5000K daylight, and lasts up to 15,000 hours.
ES: EcoSmart LED 60W Equivalent Daylight Bulb 4-Pack aparece listado con 800 lúmenes, luz daylight de 5000K y duración de hasta 15,000 horas.","LED,daylight",https://ncommercial.vercel.app/
qa_198,garden,jardín,Which product should I choose for moving garden or construction material?,"The True Temper Heavy Duty Wheelbarrow 6 cu ft is described with a steel tray, hardwood handles, pneumatic tire, and is suitable for gardening and construction.",¿Qué producto debo elegir para mover material de jardín o construcción?,"La True Temper Heavy Duty Wheelbarrow 6 cu ft se describe con bandeja de acero, mangos de madera dura, goma neumática y es adecuada para jardinería y construcción.","EN: Which product should I choose for moving garden or construction material?
ES: ¿Qué producto debo elegir para mover material de jardín o construcción?","EN: The True Temper Heavy Duty Wheelbarrow 6 cu ft is described with a steel tray, hardwood handles, pneumatic tire, and is suitable for gardening and construction.
ES: La True Temper Heavy Duty Wheelbarrow 6 cu ft se describe con bandeja de acero, mangos de madera dura, goma neumática y es adecuada para jardinería y construcción.",wheelbarrow,https://ncommercial.vercel.app/
qa_199,store,tienda,Do all listed products show pickup in 1 hour?,Yes. The visible individual product pages list pickup in 1 hour at the Naguabo store.,¿Todos los productos listados muestran recogido en 1 hora?,Sí. Las páginas individuales visibles de productos indican recogido en 1 hora en la tienda de Naguabo.,"EN: Do all listed products show pickup in 1 hour?
ES: ¿Todos los productos listados muestran recogido en 1 hora?","EN: Yes. The visible individual product pages list pickup in 1 hour at the Naguabo store.
ES: Sí. Las páginas individuales visibles de productos indican recogido en 1 hora en la tienda de Naguabo.",pickup,https://ncommercial.vercel.app/
qa_200,store,tienda,Do all listed products ship in 1-2 days?,Yes. The visible individual product pages state ships in 1-2 days.,¿Todos los productos listados se envían en 1 a 2 días?,Sí. Las páginas individuales visibles de productos indican envío en 1 a 2 días.,"EN: Do all listed products ship in 1-2 days?
ES: ¿Todos los productos listados se envían en 1 a 2 días?","EN: Yes. The visible individual product pages state ships in 1-2 days.
ES: Sí. Las páginas individuales visibles de productos indican envío en 1 a 2 días.",shipping,https://ncommercial.vercel.app/
